word,count,file
,6218,
"0,",558,
"19),",382,
"23),",224,
"11),",159,
"2),",140,
"18),",126,
"15),",123,
=,80,
"6,",76,
"4),",72,
"5),",70,
"6),",65,
"17),",58,
"2,",51,
"1,",46,
"8),",42,
"14),",42,
"22,",41,
"21,",37,
the,37,
"25,",35,
"9),",29,
"40,",29,
"10,",26,
"13,",26,
"9,",25,
"14,",24,
"5,",22,
"12,",22,
"20,",22,
"11,",21,
"16,",21,
for,20,
"3,",19,
"85,",19,
in,19,
"15,",18,
"17,",18,
"77,",18,
"3),",17,
"30,",17,
"61,",17,
of,17,
a,17,
"7),",16,
"13),",16,
"35,",16,
file,15,
"24,",14,
"66,",14,
"78,",14,
to,14,
with,14,
"18,",13,
"31,",13,
"84,",13,
"76,",13,
"22),",12,
"45,",12,
"12),",11,
"58,",11,
"60,",11,
if,11,
import,10,
"16),",10,
"19,",10,
"92,",10,
"91,",10,
count,10,
return,10,
csv,9,
"54,",9,
"81,",9,
"23,",9,
"33,",9,
"99,",9,
"101,",9,
==,9,
#,8,
as,8,
"1),",8,
"67,",8,
"93,",8,
def,8,
',8,
"4,",7,
"7,",7,
"65,",7,
"55,",7,
"47,",7,
"95,",7,
The,7,
character,7,
files,7,
"10),",6,
"69,",6,
"70,",6,
"51,",6,
function,6,
is,6,
files.,6,
file.,6,
"""""""",6,
1,6,
c,6,
elif,6,
data,6,
"c[""char""]",6,
then,6,
Counter,5,
"27,",5,
"32,",5,
"83,",5,
"98,",5,
''',5,
and,5,
ord(character),5,
"c[""name""]",5,
or,5,
"""",5,
column,5,
from,4,
"24),",4,
"28,",4,
"53,",4,
"68,",4,
"57,",4,
"36,",4,
"71,",4,
"72,",4,
"38,",4,
"59,",4,
reads,4,
0,4,
-,4,
+,4,
>,4,
about,4,
that,4,
column_headers,4,
"encoding='utf-8',",4,
newline=''),4,
csvfile:,4,
writer,4,
"csv.DictWriter(csvfile,",4,
fieldnames=column_headers),4,
output_folder,4,
/,4,
:,4,
dt.datetime.now(),4,
just,4,
utf-8,3,
"34,",3,
"8,",3,
"94,",3,
"41,",3,
"44,",3,
"82,",3,
"86,",3,
"63,",3,
"87,",3,
"62,",3,
each,3,
single,3,
characters,3,
only,3,
file:,3,
Counter(),3,
line,3,
word,3,
words,3,
r,3,
m,3,
else:,3,
up,3,
headers,3,
are,3,
list,3,
dictionaries,3,
[],3,
"type=str,",3,
extension,3,
filename,3,
#Keep,3,
all,3,
filecount,3,
this,3,
+=,3,
write,3,
seconds,3,
-*-,2,
collections,2,
"0),",2,
"29,",2,
"42,",2,
"43,",2,
"46,",2,
"56,",2,
"64,",2,
"37,",2,
"48,",2,
"50,",2,
"75,",2,
"96,",2,
"79,",2,
"88,",2,
"89,",2,
"100,",2,
main,2,
number,2,
times,2,
appears,2,
This,2,
returns,2,
Any,2,
non,2,
UTF-8,2,
will,2,
throw,2,
an,2,
error.,2,
"entered!\n"")",2,
"{filename}"")",2,
char_count,2,
"open(filename,",2,
"'r',",2,
encoding='utf-8'),2,
infile:,2,
lines,2,
infile.readlines(),2,
"lineno,",2,
enumerate(lines):,2,
word_count,2,
unicode,2,
l,2,
<,2,
lots,2,
it.,2,
"characters,",2,
mess,2,
output,2,
10:,2,
overwrite,2,
If,2,
defined,2,
existing,2,
at,2,
"open(outfile,",2,
"'w',",2,
writer.writeheader(),2,
writer.writerows(row_data),2,
"'a',",2,
print(f'Wrote,2,
"""""):",2,
Given,2,
has,2,
counted,2,
occurrences,2,
character_data,2,
word_data,2,
"type=Path,",2,
"help=""Folder",2,
default,2,
read.,2,
folder,2,
"help=""The",2,
summary,2,
"file."")",2,
files_found,2,
files_found:,2,
else,2,
list(),2,
all_word_data,2,
total,2,
files_size,2,
sys.stdout.flush(),2,
do,2,
first,2,
"open(detail_csv_file,",2,
word_dict,2,
words_list:,2,
writer.writerow(word_dict),2,
_________________________This,2,
section,2,
feedback,2,
___________________________,2,
filesize,2,
time_taken,2,
"print(f""Reading",2,
{count},2,
"{file}"")",2,
"print(f""It",2,
took,2,
{seconds},2,
process,2,
{files_size},2,
bytes.,2,
Ave:,2,
{int(files_size,2,
(seconds*1024))},2,
"b/second.\n"")",2,
#!/usr/bin/env,1,
python3,1,
coding:,1,
argparse,1,
os,1,
sys,1,
unicodedata,1,
datetime,1,
dt,1,
operator,1,
itemgetter,1,
OrderedDict,1,
pathlib,1,
Path,1,
script_data,1,
{,1,
"""names"":",1,
"['Common',",1,
"'Latin',",1,
"'Greek',",1,
"'Cyrillic',",1,
"'Armenian',",1,
"'Hebrew',",1,
"'Arabic',",1,
"'Syriac',",1,
"'Thaana',",1,
"'Devanagari',",1,
"'Bengali',",1,
"'Gurmukhi',",1,
"'Gujarati',",1,
"'Oriya',",1,
"'Tamil',",1,
"'Telugu',",1,
"'Kannada',",1,
"'Malayalam',",1,
"'Sinhala',",1,
"'Thai',",1,
"'Lao',",1,
"'Tibetan',",1,
"'Myanmar',",1,
"'Georgian',",1,
"'Hangul',",1,
"'Ethiopic',",1,
"'Cherokee',",1,
"'Canadian_Aboriginal',",1,
"'Ogham',",1,
"'Runic',",1,
"'Khmer',",1,
"'Mongolian',",1,
"'Hiragana',",1,
"'Katakana',",1,
"'Bopomofo',",1,
"'Han',",1,
"'Yi',",1,
"'Old_Italic',",1,
"'Gothic',",1,
"'Deseret',",1,
"'Inherited',",1,
"'Tagalog',",1,
"'Hanunoo',",1,
"'Buhid',",1,
"'Tagbanwa',",1,
"'Limbu',",1,
"'Tai_Le',",1,
"'Linear_B',",1,
"'Ugaritic',",1,
"'Shavian',",1,
"'Osmanya',",1,
"'Cypriot',",1,
"'Braille',",1,
"'Buginese',",1,
"'Coptic',",1,
"'New_Tai_Lue',",1,
"'Glagolitic',",1,
"'Tifinagh',",1,
"'Syloti_Nagri',",1,
"'Old_Persian',",1,
"'Kharoshthi',",1,
"'Balinese',",1,
"'Cuneiform',",1,
"'Phoenician',",1,
"'Phags_Pa',",1,
"'Nko',",1,
"'Sundanese',",1,
"'Lepcha',",1,
"'Ol_Chiki',",1,
"'Vai',",1,
"'Saurashtra',",1,
"'Kayah_Li',",1,
"'Rejang',",1,
"'Lycian',",1,
"'Carian',",1,
"'Lydian',",1,
"'Cham',",1,
"'Tai_Tham',",1,
"'Tai_Viet',",1,
"'Avestan',",1,
"'Egyptian_Hieroglyphs',",1,
"'Samaritan',",1,
"'Lisu',",1,
"'Bamum',",1,
"'Javanese',",1,
"'Meetei_Mayek',",1,
"'Imperial_Aramaic',",1,
"'Old_South_Arabian',",1,
"'Inscriptional_Parthian',",1,
"'Inscriptional_Pahlavi',",1,
"'Old_Turkic',",1,
"'Kaithi',",1,
"'Batak',",1,
"'Brahmi',",1,
"'Mandaic',",1,
"'Chakma',",1,
"'Meroitic_Cursive',",1,
"'Meroitic_Hieroglyphs',",1,
"'Miao',",1,
"'Sharada',",1,
"'Sora_Sompeng',",1,
"'Takri'],",1,
"""cats"":",1,
"['Cc',",1,
"'Zs',",1,
"'Po',",1,
"'Sc',",1,
"'Ps',",1,
"'Pe',",1,
"'Sm',",1,
"'Pd',",1,
"'Nd',",1,
"'Sk',",1,
"'Pc',",1,
"'So',",1,
"'Pi',",1,
"'Cf',",1,
"'No',",1,
"'L',",1,
"'Pf',",1,
"'Lm',",1,
"'Mc',",1,
"'Lo',",1,
"'Zl',",1,
"'Zp',",1,
"'Nl',",1,
"'Mn',",1,
"'Me'],",1,
"""idx"":",1,
[,1,
"(0x0,",1,
"0x1f,",1,
"(0x20,",1,
"0x20,",1,
"(0x21,",1,
"0x23,",1,
"(0x24,",1,
"0x24,",1,
"(0x25,",1,
"0x27,",1,
"(0x28,",1,
"0x28,",1,
"(0x29,",1,
"0x29,",1,
"(0x2a,",1,
"0x2a,",1,
"(0x2b,",1,
"0x2b,",1,
"(0x2c,",1,
"0x2c,",1,
"(0x2d,",1,
"0x2d,",1,
"(0x2e,",1,
"0x2f,",1,
"(0x30,",1,
"0x39,",1,
"(0x3a,",1,
"0x3b,",1,
"(0x3c,",1,
"0x3e,",1,
"(0x3f,",1,
"0x40,",1,
"(0x41,",1,
"0x5a,",1,
"(0x5b,",1,
"0x5b,",1,
"(0x5c,",1,
"0x5c,",1,
"(0x5d,",1,
"0x5d,",1,
"(0x5e,",1,
"0x5e,",1,
"(0x5f,",1,
"0x5f,",1,
"(0x60,",1,
"0x60,",1,
"(0x61,",1,
"0x7a,",1,
"(0x7b,",1,
"0x7b,",1,
"(0x7c,",1,
"0x7c,",1,
"(0x7d,",1,
"0x7d,",1,
"(0x7e,",1,
"0x7e,",1,
"(0x7f,",1,
"0x9f,",1,
"(0xa0,",1,
"0xa0,",1,
"(0xa1,",1,
"0xa1,",1,
"(0xa2,",1,
"0xa5,",1,
"(0xa6,",1,
"0xa6,",1,
"(0xa7,",1,
"0xa7,",1,
"(0xa8,",1,
"0xa8,",1,
"(0xa9,",1,
"0xa9,",1,
"(0xaa,",1,
"0xaa,",1,
"(0xab,",1,
"0xab,",1,
"(0xac,",1,
"0xac,",1,
"(0xad,",1,
"0xad,",1,
"(0xae,",1,
"0xae,",1,
"(0xaf,",1,
"0xaf,",1,
"(0xb0,",1,
"0xb0,",1,
"(0xb1,",1,
"0xb1,",1,
"(0xb2,",1,
"0xb3,",1,
"(0xb4,",1,
"0xb4,",1,
"(0xb5,",1,
"0xb5,",1,
"(0xb6,",1,
"0xb7,",1,
"(0xb8,",1,
"0xb8,",1,
"(0xb9,",1,
"0xb9,",1,
"(0xba,",1,
"0xba,",1,
"(0xbb,",1,
"0xbb,",1,
"(0xbc,",1,
"0xbe,",1,
"(0xbf,",1,
"0xbf,",1,
"(0xc0,",1,
"0xd6,",1,
"(0xd7,",1,
"0xd7,",1,
"(0xd8,",1,
"0xf6,",1,
"(0xf7,",1,
"0xf7,",1,
"(0xf8,",1,
"0x1ba,",1,
"(0x1bb,",1,
"0x1bb,",1,
"(0x1bc,",1,
"0x1bf,",1,
"(0x1c0,",1,
"0x1c3,",1,
"(0x1c4,",1,
"0x293,",1,
"(0x294,",1,
"0x294,",1,
"(0x295,",1,
"0x2af,",1,
"(0x2b0,",1,
"0x2b8,",1,
"(0x2b9,",1,
"0x2c1,",1,
"(0x2c2,",1,
"0x2c5,",1,
"(0x2c6,",1,
"0x2d1,",1,
"(0x2d2,",1,
"0x2df,",1,
"(0x2e0,",1,
"0x2e4,",1,
"(0x2e5,",1,
"0x2e9,",1,
"(0x2ea,",1,
"0x2eb,",1,
"(0x2ec,",1,
"0x2ec,",1,
"(0x2ed,",1,
"0x2ed,",1,
"(0x2ee,",1,
"0x2ee,",1,
"(0x2ef,",1,
"0x2ff,",1,
"(0x300,",1,
"0x36f,",1,
"(0x370,",1,
"0x373,",1,
"(0x374,",1,
"0x374,",1,
"(0x375,",1,
"0x375,",1,
"(0x376,",1,
"0x377,",1,
"(0x37a,",1,
"0x37a,",1,
"(0x37b,",1,
"0x37d,",1,
"(0x37e,",1,
"0x37e,",1,
"(0x384,",1,
"0x384,",1,
"(0x385,",1,
"0x385,",1,
"(0x386,",1,
"0x386,",1,
"(0x387,",1,
"0x387,",1,
"(0x388,",1,
"0x38a,",1,
"(0x38c,",1,
"0x38c,",1,
"(0x38e,",1,
"0x3a1,",1,
"(0x3a3,",1,
"0x3e1,",1,
"(0x3e2,",1,
"0x3ef,",1,
"(0x3f0,",1,
"0x3f5,",1,
"(0x3f6,",1,
"0x3f6,",1,
"(0x3f7,",1,
"0x3ff,",1,
"(0x400,",1,
"0x481,",1,
"(0x482,",1,
"0x482,",1,
"(0x483,",1,
"0x484,",1,
"(0x485,",1,
"0x486,",1,
"(0x487,",1,
"0x487,",1,
"(0x488,",1,
"0x489,",1,
"(0x48a,",1,
"0x527,",1,
"(0x531,",1,
"0x556,",1,
"(0x559,",1,
"0x559,",1,
"(0x55a,",1,
"0x55f,",1,
"(0x561,",1,
"0x587,",1,
"(0x589,",1,
"0x589,",1,
"(0x58a,",1,
"0x58a,",1,
"(0x58f,",1,
"0x58f,",1,
"(0x591,",1,
"0x5bd,",1,
"(0x5be,",1,
"0x5be,",1,
"(0x5bf,",1,
"0x5bf,",1,
"(0x5c0,",1,
"0x5c0,",1,
"(0x5c1,",1,
"0x5c2,",1,
"(0x5c3,",1,
"0x5c3,",1,
"(0x5c4,",1,
"0x5c5,",1,
"(0x5c6,",1,
"0x5c6,",1,
"(0x5c7,",1,
"0x5c7,",1,
"(0x5d0,",1,
"0x5ea,",1,
"(0x5f0,",1,
"0x5f2,",1,
"(0x5f3,",1,
"0x5f4,",1,
"(0x600,",1,
"0x604,",1,
"(0x606,",1,
"0x608,",1,
"(0x609,",1,
"0x60a,",1,
"(0x60b,",1,
"0x60b,",1,
"(0x60c,",1,
"0x60c,",1,
"(0x60d,",1,
"0x60d,",1,
"(0x60e,",1,
"0x60f,",1,
"(0x610,",1,
"0x61a,",1,
"(0x61b,",1,
"0x61b,",1,
"(0x61e,",1,
"0x61e,",1,
"(0x61f,",1,
"0x61f,",1,
"(0x620,",1,
"0x63f,",1,
"(0x640,",1,
"0x640,",1,
"(0x641,",1,
"0x64a,",1,
"(0x64b,",1,
"0x655,",1,
"(0x656,",1,
"0x65e,",1,
"(0x65f,",1,
"0x65f,",1,
"(0x660,",1,
"0x669,",1,
"(0x66a,",1,
"0x66d,",1,
"(0x66e,",1,
"0x66f,",1,
"(0x670,",1,
"0x670,",1,
"(0x671,",1,
"0x6d3,",1,
"(0x6d4,",1,
"0x6d4,",1,
"(0x6d5,",1,
"0x6d5,",1,
"(0x6d6,",1,
"0x6dc,",1,
"(0x6dd,",1,
"0x6dd,",1,
"(0x6de,",1,
"0x6de,",1,
"(0x6df,",1,
"0x6e4,",1,
"(0x6e5,",1,
"0x6e6,",1,
"(0x6e7,",1,
"0x6e8,",1,
"(0x6e9,",1,
"0x6e9,",1,
"(0x6ea,",1,
"0x6ed,",1,
"(0x6ee,",1,
"0x6ef,",1,
"(0x6f0,",1,
"0x6f9,",1,
"(0x6fa,",1,
"0x6fc,",1,
"(0x6fd,",1,
"0x6fe,",1,
"(0x6ff,",1,
"0x6ff,",1,
"(0x700,",1,
"0x70d,",1,
"(0x70f,",1,
"0x70f,",1,
"(0x710,",1,
"0x710,",1,
"(0x711,",1,
"0x711,",1,
"(0x712,",1,
"0x72f,",1,
"(0x730,",1,
"0x74a,",1,
"(0x74d,",1,
"0x74f,",1,
"(0x750,",1,
"0x77f,",1,
"(0x780,",1,
"0x7a5,",1,
"(0x7a6,",1,
"0x7b0,",1,
"(0x7b1,",1,
"0x7b1,",1,
"(0x7c0,",1,
"0x7c9,",1,
"(0x7ca,",1,
"0x7ea,",1,
"(0x7eb,",1,
"0x7f3,",1,
"(0x7f4,",1,
"0x7f5,",1,
"(0x7f6,",1,
"0x7f6,",1,
"(0x7f7,",1,
"0x7f9,",1,
"(0x7fa,",1,
"0x7fa,",1,
"(0x800,",1,
"0x815,",1,
"(0x816,",1,
"0x819,",1,
"(0x81a,",1,
"0x81a,",1,
"(0x81b,",1,
"0x823,",1,
"(0x824,",1,
"0x824,",1,
"(0x825,",1,
"0x827,",1,
"(0x828,",1,
"0x828,",1,
"(0x829,",1,
"0x82d,",1,
"(0x830,",1,
"0x83e,",1,
"(0x840,",1,
"0x858,",1,
"(0x859,",1,
"0x85b,",1,
"(0x85e,",1,
"0x85e,",1,
"(0x8a0,",1,
"0x8a0,",1,
"(0x8a2,",1,
"0x8ac,",1,
"(0x8e4,",1,
"0x8fe,",1,
"(0x900,",1,
"0x902,",1,
"(0x903,",1,
"0x903,",1,
"(0x904,",1,
"0x939,",1,
"(0x93a,",1,
"0x93a,",1,
"(0x93b,",1,
"0x93b,",1,
"(0x93c,",1,
"0x93c,",1,
"(0x93d,",1,
"0x93d,",1,
"(0x93e,",1,
"0x940,",1,
"(0x941,",1,
"0x948,",1,
"(0x949,",1,
"0x94c,",1,
"(0x94d,",1,
"0x94d,",1,
"(0x94e,",1,
"0x94f,",1,
"(0x950,",1,
"0x950,",1,
"(0x951,",1,
"0x952,",1,
"(0x953,",1,
"0x957,",1,
"(0x958,",1,
"0x961,",1,
"(0x962,",1,
"0x963,",1,
"(0x964,",1,
"0x965,",1,
"(0x966,",1,
"0x96f,",1,
"(0x970,",1,
"0x970,",1,
"(0x971,",1,
"0x971,",1,
"(0x972,",1,
"0x977,",1,
"(0x979,",1,
"0x97f,",1,
"(0x981,",1,
"0x981,",1,
"(0x982,",1,
"0x983,",1,
"(0x985,",1,
"0x98c,",1,
"(0x98f,",1,
"0x990,",1,
"(0x993,",1,
"0x9a8,",1,
"(0x9aa,",1,
"0x9b0,",1,
"(0x9b2,",1,
"0x9b2,",1,
"(0x9b6,",1,
"0x9b9,",1,
"(0x9bc,",1,
"0x9bc,",1,
"(0x9bd,",1,
"0x9bd,",1,
"(0x9be,",1,
"0x9c0,",1,
"(0x9c1,",1,
"0x9c4,",1,
"(0x9c7,",1,
"0x9c8,",1,
"(0x9cb,",1,
"0x9cc,",1,
"(0x9cd,",1,
"0x9cd,",1,
"(0x9ce,",1,
"0x9ce,",1,
"(0x9d7,",1,
"0x9d7,",1,
"(0x9dc,",1,
"0x9dd,",1,
"(0x9df,",1,
"0x9e1,",1,
"(0x9e2,",1,
"0x9e3,",1,
"(0x9e6,",1,
"0x9ef,",1,
"(0x9f0,",1,
"0x9f1,",1,
"(0x9f2,",1,
"0x9f3,",1,
"(0x9f4,",1,
"0x9f9,",1,
"(0x9fa,",1,
"0x9fa,",1,
"(0x9fb,",1,
"0x9fb,",1,
"(0xa01,",1,
"0xa02,",1,
"(0xa03,",1,
"0xa03,",1,
"(0xa05,",1,
"0xa0a,",1,
"(0xa0f,",1,
"0xa10,",1,
"(0xa13,",1,
"0xa28,",1,
"(0xa2a,",1,
"0xa30,",1,
"(0xa32,",1,
"0xa33,",1,
"(0xa35,",1,
"0xa36,",1,
"(0xa38,",1,
"0xa39,",1,
"(0xa3c,",1,
"0xa3c,",1,
"(0xa3e,",1,
"0xa40,",1,
"(0xa41,",1,
"0xa42,",1,
"(0xa47,",1,
"0xa48,",1,
"(0xa4b,",1,
"0xa4d,",1,
"(0xa51,",1,
"0xa51,",1,
"(0xa59,",1,
"0xa5c,",1,
"(0xa5e,",1,
"0xa5e,",1,
"(0xa66,",1,
"0xa6f,",1,
"(0xa70,",1,
"0xa71,",1,
"(0xa72,",1,
"0xa74,",1,
"(0xa75,",1,
"0xa75,",1,
"(0xa81,",1,
"0xa82,",1,
"(0xa83,",1,
"0xa83,",1,
"(0xa85,",1,
"0xa8d,",1,
"(0xa8f,",1,
"0xa91,",1,
"(0xa93,",1,
"0xaa8,",1,
"(0xaaa,",1,
"0xab0,",1,
"(0xab2,",1,
"0xab3,",1,
"(0xab5,",1,
"0xab9,",1,
"(0xabc,",1,
"0xabc,",1,
"(0xabd,",1,
"0xabd,",1,
"(0xabe,",1,
"0xac0,",1,
"(0xac1,",1,
"0xac5,",1,
"(0xac7,",1,
"0xac8,",1,
"(0xac9,",1,
"0xac9,",1,
"(0xacb,",1,
"0xacc,",1,
"(0xacd,",1,
"0xacd,",1,
"(0xad0,",1,
"0xad0,",1,
"(0xae0,",1,
"0xae1,",1,
"(0xae2,",1,
"0xae3,",1,
"(0xae6,",1,
"0xaef,",1,
"(0xaf0,",1,
"0xaf0,",1,
"(0xaf1,",1,
"0xaf1,",1,
"(0xb01,",1,
"0xb01,",1,
"(0xb02,",1,
"0xb03,",1,
"(0xb05,",1,
"0xb0c,",1,
"(0xb0f,",1,
"0xb10,",1,
"(0xb13,",1,
"0xb28,",1,
"(0xb2a,",1,
"0xb30,",1,
"(0xb32,",1,
"0xb33,",1,
"(0xb35,",1,
"0xb39,",1,
"(0xb3c,",1,
"0xb3c,",1,
"(0xb3d,",1,
"0xb3d,",1,
"(0xb3e,",1,
"0xb3e,",1,
"(0xb3f,",1,
"0xb3f,",1,
"(0xb40,",1,
"0xb40,",1,
"(0xb41,",1,
"0xb44,",1,
"(0xb47,",1,
"0xb48,",1,
"(0xb4b,",1,
"0xb4c,",1,
"(0xb4d,",1,
"0xb4d,",1,
"(0xb56,",1,
"0xb56,",1,
"(0xb57,",1,
"0xb57,",1,
"(0xb5c,",1,
"0xb5d,",1,
"(0xb5f,",1,
"0xb61,",1,
"(0xb62,",1,
"0xb63,",1,
"(0xb66,",1,
"0xb6f,",1,
"(0xb70,",1,
"0xb70,",1,
"(0xb71,",1,
"0xb71,",1,
"(0xb72,",1,
"0xb77,",1,
"(0xb82,",1,
"0xb82,",1,
"(0xb83,",1,
"0xb83,",1,
"(0xb85,",1,
"0xb8a,",1,
"(0xb8e,",1,
"0xb90,",1,
"(0xb92,",1,
"0xb95,",1,
"(0xb99,",1,
"0xb9a,",1,
"(0xb9c,",1,
"0xb9c,",1,
"(0xb9e,",1,
"0xb9f,",1,
"(0xba3,",1,
"0xba4,",1,
"(0xba8,",1,
"0xbaa,",1,
"(0xbae,",1,
"0xbb9,",1,
"(0xbbe,",1,
"0xbbf,",1,
"(0xbc0,",1,
"0xbc0,",1,
"(0xbc1,",1,
"0xbc2,",1,
"(0xbc6,",1,
"0xbc8,",1,
"(0xbca,",1,
"0xbcc,",1,
"(0xbcd,",1,
"0xbcd,",1,
"(0xbd0,",1,
"0xbd0,",1,
"(0xbd7,",1,
"0xbd7,",1,
"(0xbe6,",1,
"0xbef,",1,
"(0xbf0,",1,
"0xbf2,",1,
"(0xbf3,",1,
"0xbf8,",1,
"(0xbf9,",1,
"0xbf9,",1,
"(0xbfa,",1,
"0xbfa,",1,
"(0xc01,",1,
"0xc03,",1,
"(0xc05,",1,
"0xc0c,",1,
"(0xc0e,",1,
"0xc10,",1,
"(0xc12,",1,
"0xc28,",1,
"(0xc2a,",1,
"0xc33,",1,
"(0xc35,",1,
"0xc39,",1,
"(0xc3d,",1,
"0xc3d,",1,
"(0xc3e,",1,
"0xc40,",1,
"(0xc41,",1,
"0xc44,",1,
"(0xc46,",1,
"0xc48,",1,
"(0xc4a,",1,
"0xc4d,",1,
"(0xc55,",1,
"0xc56,",1,
"(0xc58,",1,
"0xc59,",1,
"(0xc60,",1,
"0xc61,",1,
"(0xc62,",1,
"0xc63,",1,
"(0xc66,",1,
"0xc6f,",1,
"(0xc78,",1,
"0xc7e,",1,
"(0xc7f,",1,
"0xc7f,",1,
"(0xc82,",1,
"0xc83,",1,
"(0xc85,",1,
"0xc8c,",1,
"(0xc8e,",1,
"0xc90,",1,
"(0xc92,",1,
"0xca8,",1,
"(0xcaa,",1,
"0xcb3,",1,
"(0xcb5,",1,
"0xcb9,",1,
"(0xcbc,",1,
"0xcbc,",1,
"(0xcbd,",1,
"0xcbd,",1,
"(0xcbe,",1,
"0xcbe,",1,
"(0xcbf,",1,
"0xcbf,",1,
"(0xcc0,",1,
"0xcc4,",1,
"(0xcc6,",1,
"0xcc6,",1,
"(0xcc7,",1,
"0xcc8,",1,
"(0xcca,",1,
"0xccb,",1,
"(0xccc,",1,
"0xccd,",1,
"(0xcd5,",1,
"0xcd6,",1,
"(0xcde,",1,
"0xcde,",1,
"(0xce0,",1,
"0xce1,",1,
"(0xce2,",1,
"0xce3,",1,
"(0xce6,",1,
"0xcef,",1,
"(0xcf1,",1,
"0xcf2,",1,
"(0xd02,",1,
"0xd03,",1,
"(0xd05,",1,
"0xd0c,",1,
"(0xd0e,",1,
"0xd10,",1,
"(0xd12,",1,
"0xd3a,",1,
"(0xd3d,",1,
"0xd3d,",1,
"(0xd3e,",1,
"0xd40,",1,
"(0xd41,",1,
"0xd44,",1,
"(0xd46,",1,
"0xd48,",1,
"(0xd4a,",1,
"0xd4c,",1,
"(0xd4d,",1,
"0xd4d,",1,
"(0xd4e,",1,
"0xd4e,",1,
"(0xd57,",1,
"0xd57,",1,
"(0xd60,",1,
"0xd61,",1,
"(0xd62,",1,
"0xd63,",1,
"(0xd66,",1,
"0xd6f,",1,
"(0xd70,",1,
"0xd75,",1,
"(0xd79,",1,
"0xd79,",1,
"(0xd7a,",1,
"0xd7f,",1,
"(0xd82,",1,
"0xd83,",1,
"(0xd85,",1,
"0xd96,",1,
"(0xd9a,",1,
"0xdb1,",1,
"(0xdb3,",1,
"0xdbb,",1,
"(0xdbd,",1,
"0xdbd,",1,
"(0xdc0,",1,
"0xdc6,",1,
"(0xdca,",1,
"0xdca,",1,
"(0xdcf,",1,
"0xdd1,",1,
"(0xdd2,",1,
"0xdd4,",1,
"(0xdd6,",1,
"0xdd6,",1,
"(0xdd8,",1,
"0xddf,",1,
"(0xdf2,",1,
"0xdf3,",1,
"(0xdf4,",1,
"0xdf4,",1,
"(0xe01,",1,
"0xe30,",1,
"(0xe31,",1,
"0xe31,",1,
"(0xe32,",1,
"0xe33,",1,
"(0xe34,",1,
"0xe3a,",1,
"(0xe3f,",1,
"0xe3f,",1,
"(0xe40,",1,
"0xe45,",1,
"(0xe46,",1,
"0xe46,",1,
"(0xe47,",1,
"0xe4e,",1,
"(0xe4f,",1,
"0xe4f,",1,
"(0xe50,",1,
"0xe59,",1,
"(0xe5a,",1,
"0xe5b,",1,
"(0xe81,",1,
"0xe82,",1,
"(0xe84,",1,
"0xe84,",1,
"(0xe87,",1,
"0xe88,",1,
"(0xe8a,",1,
"0xe8a,",1,
"(0xe8d,",1,
"0xe8d,",1,
"(0xe94,",1,
"0xe97,",1,
"(0xe99,",1,
"0xe9f,",1,
"(0xea1,",1,
"0xea3,",1,
"(0xea5,",1,
"0xea5,",1,
"(0xea7,",1,
"0xea7,",1,
"(0xeaa,",1,
"0xeab,",1,
"(0xead,",1,
"0xeb0,",1,
"(0xeb1,",1,
"0xeb1,",1,
"(0xeb2,",1,
"0xeb3,",1,
"(0xeb4,",1,
"0xeb9,",1,
"(0xebb,",1,
"0xebc,",1,
"(0xebd,",1,
"0xebd,",1,
"(0xec0,",1,
"0xec4,",1,
"(0xec6,",1,
"0xec6,",1,
"(0xec8,",1,
"0xecd,",1,
"(0xed0,",1,
"0xed9,",1,
"(0xedc,",1,
"0xedf,",1,
"(0xf00,",1,
"0xf00,",1,
"(0xf01,",1,
"0xf03,",1,
"(0xf04,",1,
"0xf12,",1,
"(0xf13,",1,
"0xf13,",1,
"(0xf14,",1,
"0xf14,",1,
"(0xf15,",1,
"0xf17,",1,
"(0xf18,",1,
"0xf19,",1,
"(0xf1a,",1,
"0xf1f,",1,
"(0xf20,",1,
"0xf29,",1,
"(0xf2a,",1,
"0xf33,",1,
"(0xf34,",1,
"0xf34,",1,
"(0xf35,",1,
"0xf35,",1,
"(0xf36,",1,
"0xf36,",1,
"(0xf37,",1,
"0xf37,",1,
"(0xf38,",1,
"0xf38,",1,
"(0xf39,",1,
"0xf39,",1,
"(0xf3a,",1,
"0xf3a,",1,
"(0xf3b,",1,
"0xf3b,",1,
"(0xf3c,",1,
"0xf3c,",1,
"(0xf3d,",1,
"0xf3d,",1,
"(0xf3e,",1,
"0xf3f,",1,
"(0xf40,",1,
"0xf47,",1,
"(0xf49,",1,
"0xf6c,",1,
"(0xf71,",1,
"0xf7e,",1,
"(0xf7f,",1,
"0xf7f,",1,
"(0xf80,",1,
"0xf84,",1,
"(0xf85,",1,
"0xf85,",1,
"(0xf86,",1,
"0xf87,",1,
"(0xf88,",1,
"0xf8c,",1,
"(0xf8d,",1,
"0xf97,",1,
"(0xf99,",1,
"0xfbc,",1,
"(0xfbe,",1,
"0xfc5,",1,
"(0xfc6,",1,
"0xfc6,",1,
"(0xfc7,",1,
"0xfcc,",1,
"(0xfce,",1,
"0xfcf,",1,
"(0xfd0,",1,
"0xfd4,",1,
"(0xfd5,",1,
"0xfd8,",1,
"(0xfd9,",1,
"0xfda,",1,
"(0x1000,",1,
"0x102a,",1,
"(0x102b,",1,
"0x102c,",1,
"(0x102d,",1,
"0x1030,",1,
"(0x1031,",1,
"0x1031,",1,
"(0x1032,",1,
"0x1037,",1,
"(0x1038,",1,
"0x1038,",1,
"(0x1039,",1,
"0x103a,",1,
"(0x103b,",1,
"0x103c,",1,
"(0x103d,",1,
"0x103e,",1,
"(0x103f,",1,
"0x103f,",1,
"(0x1040,",1,
"0x1049,",1,
"(0x104a,",1,
"0x104f,",1,
"(0x1050,",1,
"0x1055,",1,
"(0x1056,",1,
"0x1057,",1,
"(0x1058,",1,
"0x1059,",1,
"(0x105a,",1,
"0x105d,",1,
"(0x105e,",1,
"0x1060,",1,
"(0x1061,",1,
"0x1061,",1,
"(0x1062,",1,
"0x1064,",1,
"(0x1065,",1,
"0x1066,",1,
"(0x1067,",1,
"0x106d,",1,
"(0x106e,",1,
"0x1070,",1,
"(0x1071,",1,
"0x1074,",1,
"(0x1075,",1,
"0x1081,",1,
"(0x1082,",1,
"0x1082,",1,
"(0x1083,",1,
"0x1084,",1,
"(0x1085,",1,
"0x1086,",1,
"(0x1087,",1,
"0x108c,",1,
"(0x108d,",1,
"0x108d,",1,
"(0x108e,",1,
"0x108e,",1,
"(0x108f,",1,
"0x108f,",1,
"(0x1090,",1,
"0x1099,",1,
"(0x109a,",1,
"0x109c,",1,
"(0x109d,",1,
"0x109d,",1,
"(0x109e,",1,
"0x109f,",1,
"(0x10a0,",1,
"0x10c5,",1,
"(0x10c7,",1,
"0x10c7,",1,
"(0x10cd,",1,
"0x10cd,",1,
"(0x10d0,",1,
"0x10fa,",1,
"(0x10fb,",1,
"0x10fb,",1,
"(0x10fc,",1,
"0x10fc,",1,
"(0x10fd,",1,
"0x10ff,",1,
"(0x1100,",1,
"0x11ff,",1,
"(0x1200,",1,
"0x1248,",1,
"(0x124a,",1,
"0x124d,",1,
"(0x1250,",1,
"0x1256,",1,
"(0x1258,",1,
"0x1258,",1,
"(0x125a,",1,
"0x125d,",1,
"(0x1260,",1,
"0x1288,",1,
"(0x128a,",1,
"0x128d,",1,
"(0x1290,",1,
"0x12b0,",1,
"(0x12b2,",1,
"0x12b5,",1,
"(0x12b8,",1,
"0x12be,",1,
"(0x12c0,",1,
"0x12c0,",1,
"(0x12c2,",1,
"0x12c5,",1,
"(0x12c8,",1,
"0x12d6,",1,
"(0x12d8,",1,
"0x1310,",1,
"(0x1312,",1,
"0x1315,",1,
"(0x1318,",1,
"0x135a,",1,
"(0x135d,",1,
"0x135f,",1,
"(0x1360,",1,
"0x1368,",1,
"(0x1369,",1,
"0x137c,",1,
"(0x1380,",1,
"0x138f,",1,
"(0x1390,",1,
"0x1399,",1,
"(0x13a0,",1,
"0x13f4,",1,
"26,",1,
"(0x1400,",1,
"0x1400,",1,
"(0x1401,",1,
"0x166c,",1,
"(0x166d,",1,
"0x166e,",1,
"(0x166f,",1,
"0x167f,",1,
"(0x1680,",1,
"0x1680,",1,
"(0x1681,",1,
"0x169a,",1,
"(0x169b,",1,
"0x169b,",1,
"(0x169c,",1,
"0x169c,",1,
"(0x16a0,",1,
"0x16ea,",1,
"(0x16eb,",1,
"0x16ed,",1,
"(0x16ee,",1,
"0x16f0,",1,
"(0x1700,",1,
"0x170c,",1,
"(0x170e,",1,
"0x1711,",1,
"(0x1712,",1,
"0x1714,",1,
"(0x1720,",1,
"0x1731,",1,
"(0x1732,",1,
"0x1734,",1,
"(0x1735,",1,
"0x1736,",1,
"(0x1740,",1,
"0x1751,",1,
"(0x1752,",1,
"0x1753,",1,
"(0x1760,",1,
"0x176c,",1,
"(0x176e,",1,
"0x1770,",1,
"(0x1772,",1,
"0x1773,",1,
"(0x1780,",1,
"0x17b3,",1,
"(0x17b4,",1,
"0x17b5,",1,
"(0x17b6,",1,
"0x17b6,",1,
"(0x17b7,",1,
"0x17bd,",1,
"(0x17be,",1,
"0x17c5,",1,
"(0x17c6,",1,
"0x17c6,",1,
"(0x17c7,",1,
"0x17c8,",1,
"(0x17c9,",1,
"0x17d3,",1,
"(0x17d4,",1,
"0x17d6,",1,
"(0x17d7,",1,
"0x17d7,",1,
"(0x17d8,",1,
"0x17da,",1,
"(0x17db,",1,
"0x17db,",1,
"(0x17dc,",1,
"0x17dc,",1,
"(0x17dd,",1,
"0x17dd,",1,
"(0x17e0,",1,
"0x17e9,",1,
"(0x17f0,",1,
"0x17f9,",1,
"(0x1800,",1,
"0x1801,",1,
"(0x1802,",1,
"0x1803,",1,
"(0x1804,",1,
"0x1804,",1,
"(0x1805,",1,
"0x1805,",1,
"(0x1806,",1,
"0x1806,",1,
"(0x1807,",1,
"0x180a,",1,
"(0x180b,",1,
"0x180d,",1,
"(0x180e,",1,
"0x180e,",1,
"(0x1810,",1,
"0x1819,",1,
"(0x1820,",1,
"0x1842,",1,
"(0x1843,",1,
"0x1843,",1,
"(0x1844,",1,
"0x1877,",1,
"(0x1880,",1,
"0x18a8,",1,
"(0x18a9,",1,
"0x18a9,",1,
"(0x18aa,",1,
"0x18aa,",1,
"(0x18b0,",1,
"0x18f5,",1,
"(0x1900,",1,
"0x191c,",1,
"(0x1920,",1,
"0x1922,",1,
"(0x1923,",1,
"0x1926,",1,
"(0x1927,",1,
"0x1928,",1,
"(0x1929,",1,
"0x192b,",1,
"(0x1930,",1,
"0x1931,",1,
"(0x1932,",1,
"0x1932,",1,
"(0x1933,",1,
"0x1938,",1,
"(0x1939,",1,
"0x193b,",1,
"(0x1940,",1,
"0x1940,",1,
"(0x1944,",1,
"0x1945,",1,
"(0x1946,",1,
"0x194f,",1,
"(0x1950,",1,
"0x196d,",1,
"(0x1970,",1,
"0x1974,",1,
"(0x1980,",1,
"0x19ab,",1,
"(0x19b0,",1,
"0x19c0,",1,
"(0x19c1,",1,
"0x19c7,",1,
"(0x19c8,",1,
"0x19c9,",1,
"(0x19d0,",1,
"0x19d9,",1,
"(0x19da,",1,
"0x19da,",1,
"(0x19de,",1,
"0x19df,",1,
"(0x19e0,",1,
"0x19ff,",1,
"(0x1a00,",1,
"0x1a16,",1,
"(0x1a17,",1,
"0x1a18,",1,
"(0x1a19,",1,
"0x1a1b,",1,
"(0x1a1e,",1,
"0x1a1f,",1,
"(0x1a20,",1,
"0x1a54,",1,
"(0x1a55,",1,
"0x1a55,",1,
"(0x1a56,",1,
"0x1a56,",1,
"(0x1a57,",1,
"0x1a57,",1,
"(0x1a58,",1,
"0x1a5e,",1,
"(0x1a60,",1,
"0x1a60,",1,
"(0x1a61,",1,
"0x1a61,",1,
"(0x1a62,",1,
"0x1a62,",1,
"(0x1a63,",1,
"0x1a64,",1,
"(0x1a65,",1,
"0x1a6c,",1,
"(0x1a6d,",1,
"0x1a72,",1,
"(0x1a73,",1,
"0x1a7c,",1,
"(0x1a7f,",1,
"0x1a7f,",1,
"(0x1a80,",1,
"0x1a89,",1,
"(0x1a90,",1,
"0x1a99,",1,
"(0x1aa0,",1,
"0x1aa6,",1,
"(0x1aa7,",1,
"0x1aa7,",1,
"(0x1aa8,",1,
"0x1aad,",1,
"(0x1b00,",1,
"0x1b03,",1,
"(0x1b04,",1,
"0x1b04,",1,
"(0x1b05,",1,
"0x1b33,",1,
"(0x1b34,",1,
"0x1b34,",1,
"(0x1b35,",1,
"0x1b35,",1,
"(0x1b36,",1,
"0x1b3a,",1,
"(0x1b3b,",1,
"0x1b3b,",1,
"(0x1b3c,",1,
"0x1b3c,",1,
"(0x1b3d,",1,
"0x1b41,",1,
"(0x1b42,",1,
"0x1b42,",1,
"(0x1b43,",1,
"0x1b44,",1,
"(0x1b45,",1,
"0x1b4b,",1,
"(0x1b50,",1,
"0x1b59,",1,
"(0x1b5a,",1,
"0x1b60,",1,
"(0x1b61,",1,
"0x1b6a,",1,
"(0x1b6b,",1,
"0x1b73,",1,
"(0x1b74,",1,
"0x1b7c,",1,
"(0x1b80,",1,
"0x1b81,",1,
"(0x1b82,",1,
"0x1b82,",1,
"(0x1b83,",1,
"0x1ba0,",1,
"(0x1ba1,",1,
"0x1ba1,",1,
"(0x1ba2,",1,
"0x1ba5,",1,
"(0x1ba6,",1,
"0x1ba7,",1,
"(0x1ba8,",1,
"0x1ba9,",1,
"(0x1baa,",1,
"0x1baa,",1,
"(0x1bab,",1,
"0x1bab,",1,
"(0x1bac,",1,
"0x1bad,",1,
"(0x1bae,",1,
"0x1baf,",1,
"(0x1bb0,",1,
"0x1bb9,",1,
"(0x1bba,",1,
"0x1bbf,",1,
"(0x1bc0,",1,
"0x1be5,",1,
"(0x1be6,",1,
"0x1be6,",1,
"(0x1be7,",1,
"0x1be7,",1,
"(0x1be8,",1,
"0x1be9,",1,
"(0x1bea,",1,
"0x1bec,",1,
"(0x1bed,",1,
"0x1bed,",1,
"(0x1bee,",1,
"0x1bee,",1,
"(0x1bef,",1,
"0x1bf1,",1,
"(0x1bf2,",1,
"0x1bf3,",1,
"(0x1bfc,",1,
"0x1bff,",1,
"(0x1c00,",1,
"0x1c23,",1,
"(0x1c24,",1,
"0x1c2b,",1,
"(0x1c2c,",1,
"0x1c33,",1,
"(0x1c34,",1,
"0x1c35,",1,
"(0x1c36,",1,
"0x1c37,",1,
"(0x1c3b,",1,
"0x1c3f,",1,
"(0x1c40,",1,
"0x1c49,",1,
"(0x1c4d,",1,
"0x1c4f,",1,
"(0x1c50,",1,
"0x1c59,",1,
"(0x1c5a,",1,
"0x1c77,",1,
"(0x1c78,",1,
"0x1c7d,",1,
"(0x1c7e,",1,
"0x1c7f,",1,
"(0x1cc0,",1,
"0x1cc7,",1,
"(0x1cd0,",1,
"0x1cd2,",1,
"(0x1cd3,",1,
"0x1cd3,",1,
"(0x1cd4,",1,
"0x1ce0,",1,
"(0x1ce1,",1,
"0x1ce1,",1,
"(0x1ce2,",1,
"0x1ce8,",1,
"(0x1ce9,",1,
"0x1cec,",1,
"(0x1ced,",1,
"0x1ced,",1,
"(0x1cee,",1,
"0x1cf1,",1,
"(0x1cf2,",1,
"0x1cf3,",1,
"(0x1cf4,",1,
"0x1cf4,",1,
"(0x1cf5,",1,
"0x1cf6,",1,
"(0x1d00,",1,
"0x1d25,",1,
"(0x1d26,",1,
"0x1d2a,",1,
"(0x1d2b,",1,
"0x1d2b,",1,
"(0x1d2c,",1,
"0x1d5c,",1,
"(0x1d5d,",1,
"0x1d61,",1,
"(0x1d62,",1,
"0x1d65,",1,
"(0x1d66,",1,
"0x1d6a,",1,
"(0x1d6b,",1,
"0x1d77,",1,
"(0x1d78,",1,
"0x1d78,",1,
"(0x1d79,",1,
"0x1d9a,",1,
"(0x1d9b,",1,
"0x1dbe,",1,
"(0x1dbf,",1,
"0x1dbf,",1,
"(0x1dc0,",1,
"0x1de6,",1,
"(0x1dfc,",1,
"0x1dff,",1,
"(0x1e00,",1,
"0x1eff,",1,
"(0x1f00,",1,
"0x1f15,",1,
"(0x1f18,",1,
"0x1f1d,",1,
"(0x1f20,",1,
"0x1f45,",1,
"(0x1f48,",1,
"0x1f4d,",1,
"(0x1f50,",1,
"0x1f57,",1,
"(0x1f59,",1,
"0x1f59,",1,
"(0x1f5b,",1,
"0x1f5b,",1,
"(0x1f5d,",1,
"0x1f5d,",1,
"(0x1f5f,",1,
"0x1f7d,",1,
"(0x1f80,",1,
"0x1fb4,",1,
"(0x1fb6,",1,
"0x1fbc,",1,
"(0x1fbd,",1,
"0x1fbd,",1,
"(0x1fbe,",1,
"0x1fbe,",1,
"(0x1fbf,",1,
"0x1fc1,",1,
"(0x1fc2,",1,
"0x1fc4,",1,
"(0x1fc6,",1,
"0x1fcc,",1,
"(0x1fcd,",1,
"0x1fcf,",1,
"(0x1fd0,",1,
"0x1fd3,",1,
"(0x1fd6,",1,
"0x1fdb,",1,
"(0x1fdd,",1,
"0x1fdf,",1,
"(0x1fe0,",1,
"0x1fec,",1,
"(0x1fed,",1,
"0x1fef,",1,
"(0x1ff2,",1,
"0x1ff4,",1,
"(0x1ff6,",1,
"0x1ffc,",1,
"(0x1ffd,",1,
"0x1ffe,",1,
"(0x2000,",1,
"0x200a,",1,
"(0x200b,",1,
"0x200b,",1,
"(0x200c,",1,
"0x200d,",1,
"(0x200e,",1,
"0x200f,",1,
"(0x2010,",1,
"0x2015,",1,
"(0x2016,",1,
"0x2017,",1,
"(0x2018,",1,
"0x2018,",1,
"(0x2019,",1,
"0x2019,",1,
"(0x201a,",1,
"0x201a,",1,
"(0x201b,",1,
"0x201c,",1,
"(0x201d,",1,
"0x201d,",1,
"(0x201e,",1,
"0x201e,",1,
"(0x201f,",1,
"0x201f,",1,
"(0x2020,",1,
"0x2027,",1,
"(0x2028,",1,
"0x2028,",1,
"20),",1,
"(0x2029,",1,
"0x2029,",1,
"21),",1,
"(0x202a,",1,
"0x202e,",1,
"(0x202f,",1,
"0x202f,",1,
"(0x2030,",1,
"0x2038,",1,
"(0x2039,",1,
"0x2039,",1,
"(0x203a,",1,
"0x203a,",1,
"(0x203b,",1,
"0x203e,",1,
"(0x203f,",1,
"0x2040,",1,
"(0x2041,",1,
"0x2043,",1,
"(0x2044,",1,
"0x2044,",1,
"(0x2045,",1,
"0x2045,",1,
"(0x2046,",1,
"0x2046,",1,
"(0x2047,",1,
"0x2051,",1,
"(0x2052,",1,
"0x2052,",1,
"(0x2053,",1,
"0x2053,",1,
"(0x2054,",1,
"0x2054,",1,
"(0x2055,",1,
"0x205e,",1,
"(0x205f,",1,
"0x205f,",1,
"(0x2060,",1,
"0x2064,",1,
"(0x206a,",1,
"0x206f,",1,
"(0x2070,",1,
"0x2070,",1,
"(0x2071,",1,
"0x2071,",1,
"(0x2074,",1,
"0x2079,",1,
"(0x207a,",1,
"0x207c,",1,
"(0x207d,",1,
"0x207d,",1,
"(0x207e,",1,
"0x207e,",1,
"(0x207f,",1,
"0x207f,",1,
"(0x2080,",1,
"0x2089,",1,
"(0x208a,",1,
"0x208c,",1,
"(0x208d,",1,
"0x208d,",1,
"(0x208e,",1,
"0x208e,",1,
"(0x2090,",1,
"0x209c,",1,
"(0x20a0,",1,
"0x20b9,",1,
"(0x20d0,",1,
"0x20dc,",1,
"(0x20dd,",1,
"0x20e0,",1,
"(0x20e1,",1,
"0x20e1,",1,
"(0x20e2,",1,
"0x20e4,",1,
"(0x20e5,",1,
"0x20f0,",1,
"(0x2100,",1,
"0x2101,",1,
"(0x2102,",1,
"0x2102,",1,
"(0x2103,",1,
"0x2106,",1,
"(0x2107,",1,
"0x2107,",1,
"(0x2108,",1,
"0x2109,",1,
"(0x210a,",1,
"0x2113,",1,
"(0x2114,",1,
"0x2114,",1,
"(0x2115,",1,
"0x2115,",1,
"(0x2116,",1,
"0x2117,",1,
"(0x2118,",1,
"0x2118,",1,
"(0x2119,",1,
"0x211d,",1,
"(0x211e,",1,
"0x2123,",1,
"(0x2124,",1,
"0x2124,",1,
"(0x2125,",1,
"0x2125,",1,
"(0x2126,",1,
"0x2126,",1,
"(0x2127,",1,
"0x2127,",1,
"(0x2128,",1,
"0x2128,",1,
"(0x2129,",1,
"0x2129,",1,
"(0x212a,",1,
"0x212b,",1,
"(0x212c,",1,
"0x212d,",1,
"(0x212e,",1,
"0x212e,",1,
"(0x212f,",1,
"0x2131,",1,
"(0x2132,",1,
"0x2132,",1,
"(0x2133,",1,
"0x2134,",1,
"(0x2135,",1,
"0x2138,",1,
"(0x2139,",1,
"0x2139,",1,
"(0x213a,",1,
"0x213b,",1,
"(0x213c,",1,
"0x213f,",1,
"(0x2140,",1,
"0x2144,",1,
"(0x2145,",1,
"0x2149,",1,
"(0x214a,",1,
"0x214a,",1,
"(0x214b,",1,
"0x214b,",1,
"(0x214c,",1,
"0x214d,",1,
"(0x214e,",1,
"0x214e,",1,
"(0x214f,",1,
"0x214f,",1,
"(0x2150,",1,
"0x215f,",1,
"(0x2160,",1,
"0x2182,",1,
"(0x2183,",1,
"0x2184,",1,
"(0x2185,",1,
"0x2188,",1,
"(0x2189,",1,
"0x2189,",1,
"(0x2190,",1,
"0x2194,",1,
"(0x2195,",1,
"0x2199,",1,
"(0x219a,",1,
"0x219b,",1,
"(0x219c,",1,
"0x219f,",1,
"(0x21a0,",1,
"0x21a0,",1,
"(0x21a1,",1,
"0x21a2,",1,
"(0x21a3,",1,
"0x21a3,",1,
"(0x21a4,",1,
"0x21a5,",1,
"(0x21a6,",1,
"0x21a6,",1,
"(0x21a7,",1,
"0x21ad,",1,
"(0x21ae,",1,
"0x21ae,",1,
"(0x21af,",1,
"0x21cd,",1,
"(0x21ce,",1,
"0x21cf,",1,
"(0x21d0,",1,
"0x21d1,",1,
"(0x21d2,",1,
"0x21d2,",1,
"(0x21d3,",1,
"0x21d3,",1,
"(0x21d4,",1,
"0x21d4,",1,
"(0x21d5,",1,
"0x21f3,",1,
"(0x21f4,",1,
"0x22ff,",1,
"(0x2300,",1,
"0x2307,",1,
"(0x2308,",1,
"0x230b,",1,
"(0x230c,",1,
"0x231f,",1,
"(0x2320,",1,
"0x2321,",1,
"(0x2322,",1,
"0x2328,",1,
"(0x2329,",1,
"0x2329,",1,
"(0x232a,",1,
"0x232a,",1,
"(0x232b,",1,
"0x237b,",1,
"(0x237c,",1,
"0x237c,",1,
"(0x237d,",1,
"0x239a,",1,
"(0x239b,",1,
"0x23b3,",1,
"(0x23b4,",1,
"0x23db,",1,
"(0x23dc,",1,
"0x23e1,",1,
"(0x23e2,",1,
"0x23f3,",1,
"(0x2400,",1,
"0x2426,",1,
"(0x2440,",1,
"0x244a,",1,
"(0x2460,",1,
"0x249b,",1,
"(0x249c,",1,
"0x24e9,",1,
"(0x24ea,",1,
"0x24ff,",1,
"(0x2500,",1,
"0x25b6,",1,
"(0x25b7,",1,
"0x25b7,",1,
"(0x25b8,",1,
"0x25c0,",1,
"(0x25c1,",1,
"0x25c1,",1,
"(0x25c2,",1,
"0x25f7,",1,
"(0x25f8,",1,
"0x25ff,",1,
"(0x2600,",1,
"0x266e,",1,
"(0x266f,",1,
"0x266f,",1,
"(0x2670,",1,
"0x26ff,",1,
"(0x2701,",1,
"0x2767,",1,
"(0x2768,",1,
"0x2768,",1,
"(0x2769,",1,
"0x2769,",1,
"(0x276a,",1,
"0x276a,",1,
"(0x276b,",1,
"0x276b,",1,
"(0x276c,",1,
"0x276c,",1,
"(0x276d,",1,
"0x276d,",1,
"(0x276e,",1,
"0x276e,",1,
"(0x276f,",1,
"0x276f,",1,
"(0x2770,",1,
"0x2770,",1,
"(0x2771,",1,
"0x2771,",1,
"(0x2772,",1,
"0x2772,",1,
"(0x2773,",1,
"0x2773,",1,
"(0x2774,",1,
"0x2774,",1,
"(0x2775,",1,
"0x2775,",1,
"(0x2776,",1,
"0x2793,",1,
"(0x2794,",1,
"0x27bf,",1,
"(0x27c0,",1,
"0x27c4,",1,
"(0x27c5,",1,
"0x27c5,",1,
"(0x27c6,",1,
"0x27c6,",1,
"(0x27c7,",1,
"0x27e5,",1,
"(0x27e6,",1,
"0x27e6,",1,
"(0x27e7,",1,
"0x27e7,",1,
"(0x27e8,",1,
"0x27e8,",1,
"(0x27e9,",1,
"0x27e9,",1,
"(0x27ea,",1,
"0x27ea,",1,
"(0x27eb,",1,
"0x27eb,",1,
"(0x27ec,",1,
"0x27ec,",1,
"(0x27ed,",1,
"0x27ed,",1,
"(0x27ee,",1,
"0x27ee,",1,
"(0x27ef,",1,
"0x27ef,",1,
"(0x27f0,",1,
"0x27ff,",1,
"(0x2800,",1,
"0x28ff,",1,
"52,",1,
"(0x2900,",1,
"0x2982,",1,
"(0x2983,",1,
"0x2983,",1,
"(0x2984,",1,
"0x2984,",1,
"(0x2985,",1,
"0x2985,",1,
"(0x2986,",1,
"0x2986,",1,
"(0x2987,",1,
"0x2987,",1,
"(0x2988,",1,
"0x2988,",1,
"(0x2989,",1,
"0x2989,",1,
"(0x298a,",1,
"0x298a,",1,
"(0x298b,",1,
"0x298b,",1,
"(0x298c,",1,
"0x298c,",1,
"(0x298d,",1,
"0x298d,",1,
"(0x298e,",1,
"0x298e,",1,
"(0x298f,",1,
"0x298f,",1,
"(0x2990,",1,
"0x2990,",1,
"(0x2991,",1,
"0x2991,",1,
"(0x2992,",1,
"0x2992,",1,
"(0x2993,",1,
"0x2993,",1,
"(0x2994,",1,
"0x2994,",1,
"(0x2995,",1,
"0x2995,",1,
"(0x2996,",1,
"0x2996,",1,
"(0x2997,",1,
"0x2997,",1,
"(0x2998,",1,
"0x2998,",1,
"(0x2999,",1,
"0x29d7,",1,
"(0x29d8,",1,
"0x29d8,",1,
"(0x29d9,",1,
"0x29d9,",1,
"(0x29da,",1,
"0x29da,",1,
"(0x29db,",1,
"0x29db,",1,
"(0x29dc,",1,
"0x29fb,",1,
"(0x29fc,",1,
"0x29fc,",1,
"(0x29fd,",1,
"0x29fd,",1,
"(0x29fe,",1,
"0x2aff,",1,
"(0x2b00,",1,
"0x2b2f,",1,
"(0x2b30,",1,
"0x2b44,",1,
"(0x2b45,",1,
"0x2b46,",1,
"(0x2b47,",1,
"0x2b4c,",1,
"(0x2b50,",1,
"0x2b59,",1,
"(0x2c00,",1,
"0x2c2e,",1,
"(0x2c30,",1,
"0x2c5e,",1,
"(0x2c60,",1,
"0x2c7b,",1,
"(0x2c7c,",1,
"0x2c7d,",1,
"(0x2c7e,",1,
"0x2c7f,",1,
"(0x2c80,",1,
"0x2ce4,",1,
"(0x2ce5,",1,
"0x2cea,",1,
"(0x2ceb,",1,
"0x2cee,",1,
"(0x2cef,",1,
"0x2cf1,",1,
"(0x2cf2,",1,
"0x2cf3,",1,
"(0x2cf9,",1,
"0x2cfc,",1,
"(0x2cfd,",1,
"0x2cfd,",1,
"(0x2cfe,",1,
"0x2cff,",1,
"(0x2d00,",1,
"0x2d25,",1,
"(0x2d27,",1,
"0x2d27,",1,
"(0x2d2d,",1,
"0x2d2d,",1,
"(0x2d30,",1,
"0x2d67,",1,
"(0x2d6f,",1,
"0x2d6f,",1,
"(0x2d70,",1,
"0x2d70,",1,
"(0x2d7f,",1,
"0x2d7f,",1,
"(0x2d80,",1,
"0x2d96,",1,
"(0x2da0,",1,
"0x2da6,",1,
"(0x2da8,",1,
"0x2dae,",1,
"(0x2db0,",1,
"0x2db6,",1,
"(0x2db8,",1,
"0x2dbe,",1,
"(0x2dc0,",1,
"0x2dc6,",1,
"(0x2dc8,",1,
"0x2dce,",1,
"(0x2dd0,",1,
"0x2dd6,",1,
"(0x2dd8,",1,
"0x2dde,",1,
"(0x2de0,",1,
"0x2dff,",1,
"(0x2e00,",1,
"0x2e01,",1,
"(0x2e02,",1,
"0x2e02,",1,
"(0x2e03,",1,
"0x2e03,",1,
"(0x2e04,",1,
"0x2e04,",1,
"(0x2e05,",1,
"0x2e05,",1,
"(0x2e06,",1,
"0x2e08,",1,
"(0x2e09,",1,
"0x2e09,",1,
"(0x2e0a,",1,
"0x2e0a,",1,
"(0x2e0b,",1,
"0x2e0b,",1,
"(0x2e0c,",1,
"0x2e0c,",1,
"(0x2e0d,",1,
"0x2e0d,",1,
"(0x2e0e,",1,
"0x2e16,",1,
"(0x2e17,",1,
"0x2e17,",1,
"(0x2e18,",1,
"0x2e19,",1,
"(0x2e1a,",1,
"0x2e1a,",1,
"(0x2e1b,",1,
"0x2e1b,",1,
"(0x2e1c,",1,
"0x2e1c,",1,
"(0x2e1d,",1,
"0x2e1d,",1,
"(0x2e1e,",1,
"0x2e1f,",1,
"(0x2e20,",1,
"0x2e20,",1,
"(0x2e21,",1,
"0x2e21,",1,
"(0x2e22,",1,
"0x2e22,",1,
"(0x2e23,",1,
"0x2e23,",1,
"(0x2e24,",1,
"0x2e24,",1,
"(0x2e25,",1,
"0x2e25,",1,
"(0x2e26,",1,
"0x2e26,",1,
"(0x2e27,",1,
"0x2e27,",1,
"(0x2e28,",1,
"0x2e28,",1,
"(0x2e29,",1,
"0x2e29,",1,
"(0x2e2a,",1,
"0x2e2e,",1,
"(0x2e2f,",1,
"0x2e2f,",1,
"(0x2e30,",1,
"0x2e39,",1,
"(0x2e3a,",1,
"0x2e3b,",1,
"(0x2e80,",1,
"0x2e99,",1,
"(0x2e9b,",1,
"0x2ef3,",1,
"(0x2f00,",1,
"0x2fd5,",1,
"(0x2ff0,",1,
"0x2ffb,",1,
"(0x3000,",1,
"0x3000,",1,
"(0x3001,",1,
"0x3003,",1,
"(0x3004,",1,
"0x3004,",1,
"(0x3005,",1,
"0x3005,",1,
"(0x3006,",1,
"0x3006,",1,
"(0x3007,",1,
"0x3007,",1,
"(0x3008,",1,
"0x3008,",1,
"(0x3009,",1,
"0x3009,",1,
"(0x300a,",1,
"0x300a,",1,
"(0x300b,",1,
"0x300b,",1,
"(0x300c,",1,
"0x300c,",1,
"(0x300d,",1,
"0x300d,",1,
"(0x300e,",1,
"0x300e,",1,
"(0x300f,",1,
"0x300f,",1,
"(0x3010,",1,
"0x3010,",1,
"(0x3011,",1,
"0x3011,",1,
"(0x3012,",1,
"0x3013,",1,
"(0x3014,",1,
"0x3014,",1,
"(0x3015,",1,
"0x3015,",1,
"(0x3016,",1,
"0x3016,",1,
"(0x3017,",1,
"0x3017,",1,
"(0x3018,",1,
"0x3018,",1,
"(0x3019,",1,
"0x3019,",1,
"(0x301a,",1,
"0x301a,",1,
"(0x301b,",1,
"0x301b,",1,
"(0x301c,",1,
"0x301c,",1,
"(0x301d,",1,
"0x301d,",1,
"(0x301e,",1,
"0x301f,",1,
"(0x3020,",1,
"0x3020,",1,
"(0x3021,",1,
"0x3029,",1,
"(0x302a,",1,
"0x302d,",1,
"(0x302e,",1,
"0x302f,",1,
"(0x3030,",1,
"0x3030,",1,
"(0x3031,",1,
"0x3035,",1,
"(0x3036,",1,
"0x3037,",1,
"(0x3038,",1,
"0x303a,",1,
"(0x303b,",1,
"0x303b,",1,
"(0x303c,",1,
"0x303c,",1,
"(0x303d,",1,
"0x303d,",1,
"(0x303e,",1,
"0x303f,",1,
"(0x3041,",1,
"0x3096,",1,
"(0x3099,",1,
"0x309a,",1,
"(0x309b,",1,
"0x309c,",1,
"(0x309d,",1,
"0x309e,",1,
"(0x309f,",1,
"0x309f,",1,
"(0x30a0,",1,
"0x30a0,",1,
"(0x30a1,",1,
"0x30fa,",1,
"(0x30fb,",1,
"0x30fb,",1,
"(0x30fc,",1,
"0x30fc,",1,
"(0x30fd,",1,
"0x30fe,",1,
"(0x30ff,",1,
"0x30ff,",1,
"(0x3105,",1,
"0x312d,",1,
"(0x3131,",1,
"0x318e,",1,
"(0x3190,",1,
"0x3191,",1,
"(0x3192,",1,
"0x3195,",1,
"(0x3196,",1,
"0x319f,",1,
"(0x31a0,",1,
"0x31ba,",1,
"(0x31c0,",1,
"0x31e3,",1,
"(0x31f0,",1,
"0x31ff,",1,
"(0x3200,",1,
"0x321e,",1,
"(0x3220,",1,
"0x3229,",1,
"(0x322a,",1,
"0x3247,",1,
"(0x3248,",1,
"0x324f,",1,
"(0x3250,",1,
"0x3250,",1,
"(0x3251,",1,
"0x325f,",1,
"(0x3260,",1,
"0x327e,",1,
"(0x327f,",1,
"0x327f,",1,
"(0x3280,",1,
"0x3289,",1,
"(0x328a,",1,
"0x32b0,",1,
"(0x32b1,",1,
"0x32bf,",1,
"(0x32c0,",1,
"0x32cf,",1,
"(0x32d0,",1,
"0x32fe,",1,
"(0x3300,",1,
"0x3357,",1,
"(0x3358,",1,
"0x33ff,",1,
"(0x3400,",1,
"0x4db5,",1,
"(0x4dc0,",1,
"0x4dff,",1,
"(0x4e00,",1,
"0x9fcc,",1,
"(0xa000,",1,
"0xa014,",1,
"(0xa015,",1,
"0xa015,",1,
"(0xa016,",1,
"0xa48c,",1,
"(0xa490,",1,
"0xa4c6,",1,
"(0xa4d0,",1,
"0xa4f7,",1,
"(0xa4f8,",1,
"0xa4fd,",1,
"(0xa4fe,",1,
"0xa4ff,",1,
"(0xa500,",1,
"0xa60b,",1,
"(0xa60c,",1,
"0xa60c,",1,
"(0xa60d,",1,
"0xa60f,",1,
"(0xa610,",1,
"0xa61f,",1,
"(0xa620,",1,
"0xa629,",1,
"(0xa62a,",1,
"0xa62b,",1,
"(0xa640,",1,
"0xa66d,",1,
"(0xa66e,",1,
"0xa66e,",1,
"(0xa66f,",1,
"0xa66f,",1,
"(0xa670,",1,
"0xa672,",1,
"(0xa673,",1,
"0xa673,",1,
"(0xa674,",1,
"0xa67d,",1,
"(0xa67e,",1,
"0xa67e,",1,
"(0xa67f,",1,
"0xa67f,",1,
"(0xa680,",1,
"0xa697,",1,
"(0xa69f,",1,
"0xa69f,",1,
"(0xa6a0,",1,
"0xa6e5,",1,
"(0xa6e6,",1,
"0xa6ef,",1,
"(0xa6f0,",1,
"0xa6f1,",1,
"(0xa6f2,",1,
"0xa6f7,",1,
"(0xa700,",1,
"0xa716,",1,
"(0xa717,",1,
"0xa71f,",1,
"(0xa720,",1,
"0xa721,",1,
"(0xa722,",1,
"0xa76f,",1,
"(0xa770,",1,
"0xa770,",1,
"(0xa771,",1,
"0xa787,",1,
"(0xa788,",1,
"0xa788,",1,
"(0xa789,",1,
"0xa78a,",1,
"(0xa78b,",1,
"0xa78e,",1,
"(0xa790,",1,
"0xa793,",1,
"(0xa7a0,",1,
"0xa7aa,",1,
"(0xa7f8,",1,
"0xa7f9,",1,
"(0xa7fa,",1,
"0xa7fa,",1,
"(0xa7fb,",1,
"0xa7ff,",1,
"(0xa800,",1,
"0xa801,",1,
"(0xa802,",1,
"0xa802,",1,
"(0xa803,",1,
"0xa805,",1,
"(0xa806,",1,
"0xa806,",1,
"(0xa807,",1,
"0xa80a,",1,
"(0xa80b,",1,
"0xa80b,",1,
"(0xa80c,",1,
"0xa822,",1,
"(0xa823,",1,
"0xa824,",1,
"(0xa825,",1,
"0xa826,",1,
"(0xa827,",1,
"0xa827,",1,
"(0xa828,",1,
"0xa82b,",1,
"(0xa830,",1,
"0xa835,",1,
"(0xa836,",1,
"0xa837,",1,
"(0xa838,",1,
"0xa838,",1,
"(0xa839,",1,
"0xa839,",1,
"(0xa840,",1,
"0xa873,",1,
"(0xa874,",1,
"0xa877,",1,
"(0xa880,",1,
"0xa881,",1,
"(0xa882,",1,
"0xa8b3,",1,
"(0xa8b4,",1,
"0xa8c3,",1,
"(0xa8c4,",1,
"0xa8c4,",1,
"(0xa8ce,",1,
"0xa8cf,",1,
"(0xa8d0,",1,
"0xa8d9,",1,
"(0xa8e0,",1,
"0xa8f1,",1,
"(0xa8f2,",1,
"0xa8f7,",1,
"(0xa8f8,",1,
"0xa8fa,",1,
"(0xa8fb,",1,
"0xa8fb,",1,
"(0xa900,",1,
"0xa909,",1,
"(0xa90a,",1,
"0xa925,",1,
"(0xa926,",1,
"0xa92d,",1,
"(0xa92e,",1,
"0xa92f,",1,
"(0xa930,",1,
"0xa946,",1,
"(0xa947,",1,
"0xa951,",1,
"(0xa952,",1,
"0xa953,",1,
"(0xa95f,",1,
"0xa95f,",1,
"(0xa960,",1,
"0xa97c,",1,
"(0xa980,",1,
"0xa982,",1,
"(0xa983,",1,
"0xa983,",1,
"(0xa984,",1,
"0xa9b2,",1,
"(0xa9b3,",1,
"0xa9b3,",1,
"(0xa9b4,",1,
"0xa9b5,",1,
"(0xa9b6,",1,
"0xa9b9,",1,
"(0xa9ba,",1,
"0xa9bb,",1,
"(0xa9bc,",1,
"0xa9bc,",1,
"(0xa9bd,",1,
"0xa9c0,",1,
"(0xa9c1,",1,
"0xa9cd,",1,
"(0xa9cf,",1,
"0xa9cf,",1,
"(0xa9d0,",1,
"0xa9d9,",1,
"(0xa9de,",1,
"0xa9df,",1,
"(0xaa00,",1,
"0xaa28,",1,
"(0xaa29,",1,
"0xaa2e,",1,
"(0xaa2f,",1,
"0xaa30,",1,
"(0xaa31,",1,
"0xaa32,",1,
"(0xaa33,",1,
"0xaa34,",1,
"(0xaa35,",1,
"0xaa36,",1,
"(0xaa40,",1,
"0xaa42,",1,
"(0xaa43,",1,
"0xaa43,",1,
"(0xaa44,",1,
"0xaa4b,",1,
"(0xaa4c,",1,
"0xaa4c,",1,
"(0xaa4d,",1,
"0xaa4d,",1,
"(0xaa50,",1,
"0xaa59,",1,
"(0xaa5c,",1,
"0xaa5f,",1,
"(0xaa60,",1,
"0xaa6f,",1,
"(0xaa70,",1,
"0xaa70,",1,
"(0xaa71,",1,
"0xaa76,",1,
"(0xaa77,",1,
"0xaa79,",1,
"(0xaa7a,",1,
"0xaa7a,",1,
"(0xaa7b,",1,
"0xaa7b,",1,
"(0xaa80,",1,
"0xaaaf,",1,
"(0xaab0,",1,
"0xaab0,",1,
"(0xaab1,",1,
"0xaab1,",1,
"(0xaab2,",1,
"0xaab4,",1,
"(0xaab5,",1,
"0xaab6,",1,
"(0xaab7,",1,
"0xaab8,",1,
"(0xaab9,",1,
"0xaabd,",1,
"(0xaabe,",1,
"0xaabf,",1,
"(0xaac0,",1,
"0xaac0,",1,
"(0xaac1,",1,
"0xaac1,",1,
"(0xaac2,",1,
"0xaac2,",1,
"(0xaadb,",1,
"0xaadc,",1,
"(0xaadd,",1,
"0xaadd,",1,
"(0xaade,",1,
"0xaadf,",1,
"(0xaae0,",1,
"0xaaea,",1,
"(0xaaeb,",1,
"0xaaeb,",1,
"(0xaaec,",1,
"0xaaed,",1,
"(0xaaee,",1,
"0xaaef,",1,
"(0xaaf0,",1,
"0xaaf1,",1,
"(0xaaf2,",1,
"0xaaf2,",1,
"(0xaaf3,",1,
"0xaaf4,",1,
"(0xaaf5,",1,
"0xaaf5,",1,
"(0xaaf6,",1,
"0xaaf6,",1,
"(0xab01,",1,
"0xab06,",1,
"(0xab09,",1,
"0xab0e,",1,
"(0xab11,",1,
"0xab16,",1,
"(0xab20,",1,
"0xab26,",1,
"(0xab28,",1,
"0xab2e,",1,
"(0xabc0,",1,
"0xabe2,",1,
"(0xabe3,",1,
"0xabe4,",1,
"(0xabe5,",1,
"0xabe5,",1,
"(0xabe6,",1,
"0xabe7,",1,
"(0xabe8,",1,
"0xabe8,",1,
"(0xabe9,",1,
"0xabea,",1,
"(0xabeb,",1,
"0xabeb,",1,
"(0xabec,",1,
"0xabec,",1,
"(0xabed,",1,
"0xabed,",1,
"(0xabf0,",1,
"0xabf9,",1,
"(0xac00,",1,
"0xd7a3,",1,
"(0xd7b0,",1,
"0xd7c6,",1,
"(0xd7cb,",1,
"0xd7fb,",1,
"(0xf900,",1,
"0xfa6d,",1,
"(0xfa70,",1,
"0xfad9,",1,
"(0xfb00,",1,
"0xfb06,",1,
"(0xfb13,",1,
"0xfb17,",1,
"(0xfb1d,",1,
"0xfb1d,",1,
"(0xfb1e,",1,
"0xfb1e,",1,
"(0xfb1f,",1,
"0xfb28,",1,
"(0xfb29,",1,
"0xfb29,",1,
"(0xfb2a,",1,
"0xfb36,",1,
"(0xfb38,",1,
"0xfb3c,",1,
"(0xfb3e,",1,
"0xfb3e,",1,
"(0xfb40,",1,
"0xfb41,",1,
"(0xfb43,",1,
"0xfb44,",1,
"(0xfb46,",1,
"0xfb4f,",1,
"(0xfb50,",1,
"0xfbb1,",1,
"(0xfbb2,",1,
"0xfbc1,",1,
"(0xfbd3,",1,
"0xfd3d,",1,
"(0xfd3e,",1,
"0xfd3e,",1,
"(0xfd3f,",1,
"0xfd3f,",1,
"(0xfd50,",1,
"0xfd8f,",1,
"(0xfd92,",1,
"0xfdc7,",1,
"(0xfdf0,",1,
"0xfdfb,",1,
"(0xfdfc,",1,
"0xfdfc,",1,
"(0xfdfd,",1,
"0xfdfd,",1,
"(0xfe00,",1,
"0xfe0f,",1,
"(0xfe10,",1,
"0xfe16,",1,
"(0xfe17,",1,
"0xfe17,",1,
"(0xfe18,",1,
"0xfe18,",1,
"(0xfe19,",1,
"0xfe19,",1,
"(0xfe20,",1,
"0xfe26,",1,
"(0xfe30,",1,
"0xfe30,",1,
"(0xfe31,",1,
"0xfe32,",1,
"(0xfe33,",1,
"0xfe34,",1,
"(0xfe35,",1,
"0xfe35,",1,
"(0xfe36,",1,
"0xfe36,",1,
"(0xfe37,",1,
"0xfe37,",1,
"(0xfe38,",1,
"0xfe38,",1,
"(0xfe39,",1,
"0xfe39,",1,
"(0xfe3a,",1,
"0xfe3a,",1,
"(0xfe3b,",1,
"0xfe3b,",1,
"(0xfe3c,",1,
"0xfe3c,",1,
"(0xfe3d,",1,
"0xfe3d,",1,
"(0xfe3e,",1,
"0xfe3e,",1,
"(0xfe3f,",1,
"0xfe3f,",1,
"(0xfe40,",1,
"0xfe40,",1,
"(0xfe41,",1,
"0xfe41,",1,
"(0xfe42,",1,
"0xfe42,",1,
"(0xfe43,",1,
"0xfe43,",1,
"(0xfe44,",1,
"0xfe44,",1,
"(0xfe45,",1,
"0xfe46,",1,
"(0xfe47,",1,
"0xfe47,",1,
"(0xfe48,",1,
"0xfe48,",1,
"(0xfe49,",1,
"0xfe4c,",1,
"(0xfe4d,",1,
"0xfe4f,",1,
"(0xfe50,",1,
"0xfe52,",1,
"(0xfe54,",1,
"0xfe57,",1,
"(0xfe58,",1,
"0xfe58,",1,
"(0xfe59,",1,
"0xfe59,",1,
"(0xfe5a,",1,
"0xfe5a,",1,
"(0xfe5b,",1,
"0xfe5b,",1,
"(0xfe5c,",1,
"0xfe5c,",1,
"(0xfe5d,",1,
"0xfe5d,",1,
"(0xfe5e,",1,
"0xfe5e,",1,
"(0xfe5f,",1,
"0xfe61,",1,
"(0xfe62,",1,
"0xfe62,",1,
"(0xfe63,",1,
"0xfe63,",1,
"(0xfe64,",1,
"0xfe66,",1,
"(0xfe68,",1,
"0xfe68,",1,
"(0xfe69,",1,
"0xfe69,",1,
"(0xfe6a,",1,
"0xfe6b,",1,
"(0xfe70,",1,
"0xfe74,",1,
"(0xfe76,",1,
"0xfefc,",1,
"(0xfeff,",1,
"0xfeff,",1,
"(0xff01,",1,
"0xff03,",1,
"(0xff04,",1,
"0xff04,",1,
"(0xff05,",1,
"0xff07,",1,
"(0xff08,",1,
"0xff08,",1,
"(0xff09,",1,
"0xff09,",1,
"(0xff0a,",1,
"0xff0a,",1,
"(0xff0b,",1,
"0xff0b,",1,
"(0xff0c,",1,
"0xff0c,",1,
"(0xff0d,",1,
"0xff0d,",1,
"(0xff0e,",1,
"0xff0f,",1,
"(0xff10,",1,
"0xff19,",1,
"(0xff1a,",1,
"0xff1b,",1,
"(0xff1c,",1,
"0xff1e,",1,
"(0xff1f,",1,
"0xff20,",1,
"(0xff21,",1,
"0xff3a,",1,
"(0xff3b,",1,
"0xff3b,",1,
"(0xff3c,",1,
"0xff3c,",1,
"(0xff3d,",1,
"0xff3d,",1,
"(0xff3e,",1,
"0xff3e,",1,
"(0xff3f,",1,
"0xff3f,",1,
"(0xff40,",1,
"0xff40,",1,
"(0xff41,",1,
"0xff5a,",1,
"(0xff5b,",1,
"0xff5b,",1,
"(0xff5c,",1,
"0xff5c,",1,
"(0xff5d,",1,
"0xff5d,",1,
"(0xff5e,",1,
"0xff5e,",1,
"(0xff5f,",1,
"0xff5f,",1,
"(0xff60,",1,
"0xff60,",1,
"(0xff61,",1,
"0xff61,",1,
"(0xff62,",1,
"0xff62,",1,
"(0xff63,",1,
"0xff63,",1,
"(0xff64,",1,
"0xff65,",1,
"(0xff66,",1,
"0xff6f,",1,
"(0xff70,",1,
"0xff70,",1,
"(0xff71,",1,
"0xff9d,",1,
"(0xff9e,",1,
"0xff9f,",1,
"(0xffa0,",1,
"0xffbe,",1,
"(0xffc2,",1,
"0xffc7,",1,
"(0xffca,",1,
"0xffcf,",1,
"(0xffd2,",1,
"0xffd7,",1,
"(0xffda,",1,
"0xffdc,",1,
"(0xffe0,",1,
"0xffe1,",1,
"(0xffe2,",1,
"0xffe2,",1,
"(0xffe3,",1,
"0xffe3,",1,
"(0xffe4,",1,
"0xffe4,",1,
"(0xffe5,",1,
"0xffe6,",1,
"(0xffe8,",1,
"0xffe8,",1,
"(0xffe9,",1,
"0xffec,",1,
"(0xffed,",1,
"0xffee,",1,
"(0xfff9,",1,
"0xfffb,",1,
"(0xfffc,",1,
"0xfffd,",1,
"(0x10000,",1,
"0x1000b,",1,
"(0x1000d,",1,
"0x10026,",1,
"(0x10028,",1,
"0x1003a,",1,
"(0x1003c,",1,
"0x1003d,",1,
"(0x1003f,",1,
"0x1004d,",1,
"(0x10050,",1,
"0x1005d,",1,
"(0x10080,",1,
"0x100fa,",1,
"(0x10100,",1,
"0x10102,",1,
"(0x10107,",1,
"0x10133,",1,
"(0x10137,",1,
"0x1013f,",1,
"(0x10140,",1,
"0x10174,",1,
"(0x10175,",1,
"0x10178,",1,
"(0x10179,",1,
"0x10189,",1,
"(0x1018a,",1,
"0x1018a,",1,
"(0x10190,",1,
"0x1019b,",1,
"(0x101d0,",1,
"0x101fc,",1,
"(0x101fd,",1,
"0x101fd,",1,
"(0x10280,",1,
"0x1029c,",1,
"73,",1,
"(0x102a0,",1,
"0x102d0,",1,
"74,",1,
"(0x10300,",1,
"0x1031e,",1,
"(0x10320,",1,
"0x10323,",1,
"(0x10330,",1,
"0x10340,",1,
"(0x10341,",1,
"0x10341,",1,
"(0x10342,",1,
"0x10349,",1,
"(0x1034a,",1,
"0x1034a,",1,
"(0x10380,",1,
"0x1039d,",1,
"(0x1039f,",1,
"0x1039f,",1,
"(0x103a0,",1,
"0x103c3,",1,
"(0x103c8,",1,
"0x103cf,",1,
"(0x103d0,",1,
"0x103d0,",1,
"(0x103d1,",1,
"0x103d5,",1,
"(0x10400,",1,
"0x1044f,",1,
"39,",1,
"(0x10450,",1,
"0x1047f,",1,
"49,",1,
"(0x10480,",1,
"0x1049d,",1,
"(0x104a0,",1,
"0x104a9,",1,
"(0x10800,",1,
"0x10805,",1,
"(0x10808,",1,
"0x10808,",1,
"(0x1080a,",1,
"0x10835,",1,
"(0x10837,",1,
"0x10838,",1,
"(0x1083c,",1,
"0x1083c,",1,
"(0x1083f,",1,
"0x1083f,",1,
"(0x10840,",1,
"0x10855,",1,
"(0x10857,",1,
"0x10857,",1,
"(0x10858,",1,
"0x1085f,",1,
"(0x10900,",1,
"0x10915,",1,
"(0x10916,",1,
"0x1091b,",1,
"(0x1091f,",1,
"0x1091f,",1,
"(0x10920,",1,
"0x10939,",1,
"(0x1093f,",1,
"0x1093f,",1,
"(0x10980,",1,
"0x1099f,",1,
"97,",1,
"(0x109a0,",1,
"0x109b7,",1,
"(0x109be,",1,
"0x109bf,",1,
"(0x10a00,",1,
"0x10a00,",1,
"(0x10a01,",1,
"0x10a03,",1,
"(0x10a05,",1,
"0x10a06,",1,
"(0x10a0c,",1,
"0x10a0f,",1,
"(0x10a10,",1,
"0x10a13,",1,
"(0x10a15,",1,
"0x10a17,",1,
"(0x10a19,",1,
"0x10a33,",1,
"(0x10a38,",1,
"0x10a3a,",1,
"(0x10a3f,",1,
"0x10a3f,",1,
"(0x10a40,",1,
"0x10a47,",1,
"(0x10a50,",1,
"0x10a58,",1,
"(0x10a60,",1,
"0x10a7c,",1,
"(0x10a7d,",1,
"0x10a7e,",1,
"(0x10a7f,",1,
"0x10a7f,",1,
"(0x10b00,",1,
"0x10b35,",1,
"(0x10b39,",1,
"0x10b3f,",1,
"(0x10b40,",1,
"0x10b55,",1,
"(0x10b58,",1,
"0x10b5f,",1,
"(0x10b60,",1,
"0x10b72,",1,
"(0x10b78,",1,
"0x10b7f,",1,
"(0x10c00,",1,
"0x10c48,",1,
"90,",1,
"(0x10e60,",1,
"0x10e7e,",1,
"(0x11000,",1,
"0x11000,",1,
"(0x11001,",1,
"0x11001,",1,
"(0x11002,",1,
"0x11002,",1,
"(0x11003,",1,
"0x11037,",1,
"(0x11038,",1,
"0x11046,",1,
"(0x11047,",1,
"0x1104d,",1,
"(0x11052,",1,
"0x11065,",1,
"(0x11066,",1,
"0x1106f,",1,
"(0x11080,",1,
"0x11081,",1,
"(0x11082,",1,
"0x11082,",1,
"(0x11083,",1,
"0x110af,",1,
"(0x110b0,",1,
"0x110b2,",1,
"(0x110b3,",1,
"0x110b6,",1,
"(0x110b7,",1,
"0x110b8,",1,
"(0x110b9,",1,
"0x110ba,",1,
"(0x110bb,",1,
"0x110bc,",1,
"(0x110bd,",1,
"0x110bd,",1,
"(0x110be,",1,
"0x110c1,",1,
"(0x110d0,",1,
"0x110e8,",1,
"(0x110f0,",1,
"0x110f9,",1,
"(0x11100,",1,
"0x11102,",1,
"(0x11103,",1,
"0x11126,",1,
"(0x11127,",1,
"0x1112b,",1,
"(0x1112c,",1,
"0x1112c,",1,
"(0x1112d,",1,
"0x11134,",1,
"(0x11136,",1,
"0x1113f,",1,
"(0x11140,",1,
"0x11143,",1,
"(0x11180,",1,
"0x11181,",1,
"(0x11182,",1,
"0x11182,",1,
"(0x11183,",1,
"0x111b2,",1,
"(0x111b3,",1,
"0x111b5,",1,
"(0x111b6,",1,
"0x111be,",1,
"(0x111bf,",1,
"0x111c0,",1,
"(0x111c1,",1,
"0x111c4,",1,
"(0x111c5,",1,
"0x111c8,",1,
"(0x111d0,",1,
"0x111d9,",1,
"(0x11680,",1,
"0x116aa,",1,
"(0x116ab,",1,
"0x116ab,",1,
"(0x116ac,",1,
"0x116ac,",1,
"(0x116ad,",1,
"0x116ad,",1,
"(0x116ae,",1,
"0x116af,",1,
"(0x116b0,",1,
"0x116b5,",1,
"(0x116b6,",1,
"0x116b6,",1,
"(0x116b7,",1,
"0x116b7,",1,
"(0x116c0,",1,
"0x116c9,",1,
"(0x12000,",1,
"0x1236e,",1,
"(0x12400,",1,
"0x12462,",1,
"(0x12470,",1,
"0x12473,",1,
"(0x13000,",1,
"0x1342e,",1,
"80,",1,
"(0x16800,",1,
"0x16a38,",1,
"(0x16f00,",1,
"0x16f44,",1,
"(0x16f50,",1,
"0x16f50,",1,
"(0x16f51,",1,
"0x16f7e,",1,
"(0x16f8f,",1,
"0x16f92,",1,
"(0x16f93,",1,
"0x16f9f,",1,
"(0x1b000,",1,
"0x1b000,",1,
"(0x1b001,",1,
"0x1b001,",1,
"(0x1d000,",1,
"0x1d0f5,",1,
"(0x1d100,",1,
"0x1d126,",1,
"(0x1d129,",1,
"0x1d164,",1,
"(0x1d165,",1,
"0x1d166,",1,
"(0x1d167,",1,
"0x1d169,",1,
"(0x1d16a,",1,
"0x1d16c,",1,
"(0x1d16d,",1,
"0x1d172,",1,
"(0x1d173,",1,
"0x1d17a,",1,
"(0x1d17b,",1,
"0x1d182,",1,
"(0x1d183,",1,
"0x1d184,",1,
"(0x1d185,",1,
"0x1d18b,",1,
"(0x1d18c,",1,
"0x1d1a9,",1,
"(0x1d1aa,",1,
"0x1d1ad,",1,
"(0x1d1ae,",1,
"0x1d1dd,",1,
"(0x1d200,",1,
"0x1d241,",1,
"(0x1d242,",1,
"0x1d244,",1,
"(0x1d245,",1,
"0x1d245,",1,
"(0x1d300,",1,
"0x1d356,",1,
"(0x1d360,",1,
"0x1d371,",1,
"(0x1d400,",1,
"0x1d454,",1,
"(0x1d456,",1,
"0x1d49c,",1,
"(0x1d49e,",1,
"0x1d49f,",1,
"(0x1d4a2,",1,
"0x1d4a2,",1,
"(0x1d4a5,",1,
"0x1d4a6,",1,
"(0x1d4a9,",1,
"0x1d4ac,",1,
"(0x1d4ae,",1,
"0x1d4b9,",1,
"(0x1d4bb,",1,
"0x1d4bb,",1,
"(0x1d4bd,",1,
"0x1d4c3,",1,
"(0x1d4c5,",1,
"0x1d505,",1,
"(0x1d507,",1,
"0x1d50a,",1,
"(0x1d50d,",1,
"0x1d514,",1,
"(0x1d516,",1,
"0x1d51c,",1,
"(0x1d51e,",1,
"0x1d539,",1,
"(0x1d53b,",1,
"0x1d53e,",1,
"(0x1d540,",1,
"0x1d544,",1,
"(0x1d546,",1,
"0x1d546,",1,
"(0x1d54a,",1,
"0x1d550,",1,
"(0x1d552,",1,
"0x1d6a5,",1,
"(0x1d6a8,",1,
"0x1d6c0,",1,
"(0x1d6c1,",1,
"0x1d6c1,",1,
"(0x1d6c2,",1,
"0x1d6da,",1,
"(0x1d6db,",1,
"0x1d6db,",1,
"(0x1d6dc,",1,
"0x1d6fa,",1,
"(0x1d6fb,",1,
"0x1d6fb,",1,
"(0x1d6fc,",1,
"0x1d714,",1,
"(0x1d715,",1,
"0x1d715,",1,
"(0x1d716,",1,
"0x1d734,",1,
"(0x1d735,",1,
"0x1d735,",1,
"(0x1d736,",1,
"0x1d74e,",1,
"(0x1d74f,",1,
"0x1d74f,",1,
"(0x1d750,",1,
"0x1d76e,",1,
"(0x1d76f,",1,
"0x1d76f,",1,
"(0x1d770,",1,
"0x1d788,",1,
"(0x1d789,",1,
"0x1d789,",1,
"(0x1d78a,",1,
"0x1d7a8,",1,
"(0x1d7a9,",1,
"0x1d7a9,",1,
"(0x1d7aa,",1,
"0x1d7c2,",1,
"(0x1d7c3,",1,
"0x1d7c3,",1,
"(0x1d7c4,",1,
"0x1d7cb,",1,
"(0x1d7ce,",1,
"0x1d7ff,",1,
"(0x1ee00,",1,
"0x1ee03,",1,
"(0x1ee05,",1,
"0x1ee1f,",1,
"(0x1ee21,",1,
"0x1ee22,",1,
"(0x1ee24,",1,
"0x1ee24,",1,
"(0x1ee27,",1,
"0x1ee27,",1,
"(0x1ee29,",1,
"0x1ee32,",1,
"(0x1ee34,",1,
"0x1ee37,",1,
"(0x1ee39,",1,
"0x1ee39,",1,
"(0x1ee3b,",1,
"0x1ee3b,",1,
"(0x1ee42,",1,
"0x1ee42,",1,
"(0x1ee47,",1,
"0x1ee47,",1,
"(0x1ee49,",1,
"0x1ee49,",1,
"(0x1ee4b,",1,
"0x1ee4b,",1,
"(0x1ee4d,",1,
"0x1ee4f,",1,
"(0x1ee51,",1,
"0x1ee52,",1,
"(0x1ee54,",1,
"0x1ee54,",1,
"(0x1ee57,",1,
"0x1ee57,",1,
"(0x1ee59,",1,
"0x1ee59,",1,
"(0x1ee5b,",1,
"0x1ee5b,",1,
"(0x1ee5d,",1,
"0x1ee5d,",1,
"(0x1ee5f,",1,
"0x1ee5f,",1,
"(0x1ee61,",1,
"0x1ee62,",1,
"(0x1ee64,",1,
"0x1ee64,",1,
"(0x1ee67,",1,
"0x1ee6a,",1,
"(0x1ee6c,",1,
"0x1ee72,",1,
"(0x1ee74,",1,
"0x1ee77,",1,
"(0x1ee79,",1,
"0x1ee7c,",1,
"(0x1ee7e,",1,
"0x1ee7e,",1,
"(0x1ee80,",1,
"0x1ee89,",1,
"(0x1ee8b,",1,
"0x1ee9b,",1,
"(0x1eea1,",1,
"0x1eea3,",1,
"(0x1eea5,",1,
"0x1eea9,",1,
"(0x1eeab,",1,
"0x1eebb,",1,
"(0x1eef0,",1,
"0x1eef1,",1,
"(0x1f000,",1,
"0x1f02b,",1,
"(0x1f030,",1,
"0x1f093,",1,
"(0x1f0a0,",1,
"0x1f0ae,",1,
"(0x1f0b1,",1,
"0x1f0be,",1,
"(0x1f0c1,",1,
"0x1f0cf,",1,
"(0x1f0d1,",1,
"0x1f0df,",1,
"(0x1f100,",1,
"0x1f10a,",1,
"(0x1f110,",1,
"0x1f12e,",1,
"(0x1f130,",1,
"0x1f16b,",1,
"(0x1f170,",1,
"0x1f19a,",1,
"(0x1f1e6,",1,
"0x1f1ff,",1,
"(0x1f200,",1,
"0x1f200,",1,
"(0x1f201,",1,
"0x1f202,",1,
"(0x1f210,",1,
"0x1f23a,",1,
"(0x1f240,",1,
"0x1f248,",1,
"(0x1f250,",1,
"0x1f251,",1,
"(0x1f300,",1,
"0x1f320,",1,
"(0x1f330,",1,
"0x1f335,",1,
"(0x1f337,",1,
"0x1f37c,",1,
"(0x1f380,",1,
"0x1f393,",1,
"(0x1f3a0,",1,
"0x1f3c4,",1,
"(0x1f3c6,",1,
"0x1f3ca,",1,
"(0x1f3e0,",1,
"0x1f3f0,",1,
"(0x1f400,",1,
"0x1f43e,",1,
"(0x1f440,",1,
"0x1f440,",1,
"(0x1f442,",1,
"0x1f4f7,",1,
"(0x1f4f9,",1,
"0x1f4fc,",1,
"(0x1f500,",1,
"0x1f53d,",1,
"(0x1f540,",1,
"0x1f543,",1,
"(0x1f550,",1,
"0x1f567,",1,
"(0x1f5fb,",1,
"0x1f640,",1,
"(0x1f645,",1,
"0x1f64f,",1,
"(0x1f680,",1,
"0x1f6c5,",1,
"(0x1f700,",1,
"0x1f773,",1,
"(0x20000,",1,
"0x2a6d6,",1,
"(0x2a700,",1,
"0x2b734,",1,
"(0x2b740,",1,
"0x2b81d,",1,
"(0x2f800,",1,
"0x2fa1d,",1,
"(0xe0001,",1,
"0xe0001,",1,
"(0xe0020,",1,
"0xe007f,",1,
"(0xe0100,",1,
"0xe01ef,",1,
23),1,
]},1,
count_chars(filename):,1,
char_freq,1,
"#print(""count_chars",1,
"#print(f""Processing",1,
char_count.update(line),1,
count_words(filename):,1,
word_freq,1,
"print(""count_words",1,
"print(f""Processing",1,
"word_count.update(line.replace(""\t"",""",1,
""").replace(""\r"",",1,
""""").replace(""\n"","""").split(""",1,
"""))",1,
script(char):,1,
Return,1,
script,1,
associated,1,
character.,1,
len(script_data['idx']),1,
ord(char),1,
while,1,
>=,1,
l:,1,
(l,1,
r),1,
>>,1,
script_data['idx'][m][0]:,1,
script_data['idx'][m][1]:,1,
script_data['names'][script_data['idx'][m][2]],1,
'Unknown',1,
"unicode_data(character,count,file=""""):",1,
With,1,
look,1,
information,1,
Also,1,
deal,1,
certain,1,
like,1,
"tab,",1,
end,1,
commas,1,
since,1,
they,1,
formatting,1,
stored,1,
dictionary:,1,
OrderedDict(),1,
"c[""count""]",1,
"c[""code""]",1,
"c[""unicode_hex""]",1,
"f'{c[""code""]:x}'.upper()",1,
try:,1,
unicodedata.name(character),1,
except:,1,
"""No",1,
name,1,
"found.""",1,
#Remove,1,
charatcers,1,
CSV,1,
replace,1,
space.,1,
"[""",1,
""",""\t"",]",1,
9:,1,
CHARACTER,1,
"TABULATION""",1,
""",""",1,
44:,1,
"""\n""",1,
"""END",1,
OF,1,
"LINE""",1,
13:,1,
"""CARRIAGE",1,
"RETURN""",1,
"c[""script""]",1,
script(character),1,
"c[""cat""]",1,
unicodedata.category(character),1,
"c[""bytes""]",1,
len(character.encode('utf8')),1,
"c[""bidi""]",1,
unicodedata.bidirectional(character),1,
"c[""combining""]",1,
unicodedata.combining(character),1,
"c[""eaw""]",1,
unicodedata.east_asian_width(character),1,
"c[""mirrored""]",1,
unicodedata.mirrored(character),1,
"c[""filename""]",1,
"write_csv(outfile,",1,
"row_data,",1,
"[],",1,
False):,1,
'''Write,1,
any,1,
"file,",1,
so,1,
headings,1,
written,1,
once,1,
top,1,
there,1,
no,1,
append,1,
rows,1,
an(y),1,
not,1,
column_headers:,1,
row_data.keys(),1,
overwrite:,1,
{outfile}'),1,
None,1,
"get_character_data(char_counts,file",1,
"characters.""""""",1,
"char,",1,
char_counts.most_common():,1,
"unicode_data(char,count,file)",1,
character_data.append(c),1,
"get_word_data(word_counts,file",1,
"words,",1,
"file.""""""",1,
"word,",1,
word_counts.most_common():,1,
"word_data.append({""word"":word,",1,
"""count"":count,",1,
"""file"":file})",1,
main():,1,
parser,1,
"argparse.ArgumentParser(description=""Write",1,
reports,1,
found,1,
multiple,1,
"files."")",1,
"parser.add_argument('--input_folder',",1,
"search"")",1,
"parser.add_argument('--output_folder',",1,
results.,1,
current,1,
"folder."",",1,
required=False),1,
"parser.add_argument('--extension',",1,
"default=""txt"",",1,
"help=""Specify",1,
which,1,
read,1,
by,1,
extension.,1,
"'txt'."")",1,
"parser.add_argument('--input_files',",1,
"nargs=""+"",",1,
"default=[],",1,
"help=""Files",1,
Ignores,1,
input,1,
"argument."")",1,
"parser.add_argument(""--summary"",",1,
"default=""word_summary.csv"",",1,
"parser.add_argument(""--full"",",1,
"default=""word_report.csv"",",1,
args,1,
parser.parse_args(),1,
args.output_folder:,1,
Path(args.output_folder),1,
Path.cwd(),1,
summary_csv_file,1,
args.summary,1,
detail_csv_file,1,
args.full,1,
len(args.input_files),1,
0:,1,
sorted([Path(file),1,
args.input_files]),1,
"print(""Found",1,
following,1,
"files:"")",1,
print(file),1,
args.input_folder:,1,
input_folder,1,
args.input_folder,1,
args.extension,1,
path_split,1,
Path(input_folder).parts,1,
path_split[-1],1,
#root_Path,1,
Path(root),1,
pattern,1,
""""".join([r""**\*."",",1,
extension]),1,
sorted(input_folder.glob(pattern)),1,
"print(f""Found",1,
{len(files_found)},1,
.{extension},1,
"{input_folder}"")",1,
"print(""Either",1,
--input_folder,1,
--input_files,1,
must,1,
be,1,
"specified."")",1,
exit(0),1,
we've,1,
files_read,1,
dictionary,1,
counters,1,
key.,1,
files_word_data,1,
dict(),1,
running,1,
seen,1,
across,1,
all_words,1,
csv.register_dialect('default'),1,
update_freq,1,
3,1,
How,1,
many,1,
minutes,1,
wait,1,
between,1,
updates.,1,
Count,1,
(Counter).,1,
word_counter,1,
count_words(file),1,
#Update,1,
counts,1,
#Could,1,
"end,",1,
have,1,
spreadsheet,1,
all_words.update(word_counter),1,
#List,1,
(one,1,
per,1,
word),1,
info.,1,
words_list,1,
"get_word_data(word_counter,file)",1,
#Write,1,
out,1,
detailled,1,
1:,1,
#If,1,
it,1,
writing,1,
headers.,1,
Set,1,
words_list[0].keys(),1,
And,1,
#For,1,
subsequent,1,
data.,1,
os.path.getsize(file),1,
"int(max(time_taken.total_seconds(),",1,
1)),1,
11:,1,
10,1,
dt.timedelta(minutes=update_freq):,1,
"print(f""Will",1,
update,1,
on,1,
progress,1,
every,1,
{update_freq},1,
"minutes."")",1,
detailed,1,
{detail_csv_file}'),1,
get_word_data(all_words),1,
all_word_data[0].keys(),1,
"write_csv(summary_csv_file,",1,
"all_word_data,",1,
"column_headers,",1,
overwrite=True),1,
__name__,1,
"""__main__"":",1,
main(),1,
